"Name","Address","City","State","ZipCode","Latitude","Longitude"
"1-800 FLOWERS.COM, Inc.","One Old Country Road, Suite 500","Carle Place","NY","11514",40.7424233339,-73.6196921411
"1st Century Bancshares, Inc","1875 Century Park East, Suite 1400","Los Angeles","CA","90067",34.0610148342,-118.4149302951
"1st Constitution Bancorp (NJ)","2650 Route 130 & Dey Road PO Box 634","Cranbury","NJ","8512",40.3207232803,-74.5282712611
"1st Source Corporation","100 North Michigan Street","South Bend","IN","46601",41.6763832687,-86.2502711251
"1st United Bancorp, Inc. (FL)","One North Federal Highway","Boca Raton","FL","33432",26.3455574295,-80.0846164092
"21st Century Holding Company","3661 West Oakland Park Boulevard Suite 300","Lauderdale Lakes","FL ","33311",26.1654261934,-80.1974731872
"8x8 Inc","810 West Maude Avenue","Sunnyvale","CA ","94085",37.3910250638,-122.0347648478
"A. Schulman, Inc.","3550 West Market Street","Akron","OH","44333",41.1355476462,-81.6274880794
"A123 Systems, Inc.","200 West Street","Waltham","MA ","2451",42.3977410412,-71.2684127
"AAON, Inc.","2425 South Yukon","Tulsa","OK ","74107",36.1287285812,-96.0160677735
"Aastrom Biosciences, Inc.","Dominos Farms Lobby K 24 Frank Lloyd Wright Drive","Ann Arbor","MI ","48105",42.3289673582,-83.704000022
"ABAXIS, Inc.","3240 Whipple Road","Union City","CA ","94587",37.6056057728,-122.0814304329
"ABIOMED, Inc.","22 Cherry Hill Drive","Danvers","MA ","1923",42.5769865513,-70.9160022805
"Abraxas Petroleum Corporation","18803 Meisner Drive","San Antonio","TX","78258",29.6469339864,-98.500644296
"Acacia Research Corporation","500 Newport Center Drive 7th Floor","Newport Beach","CA ","92660",33.6158084169,-117.8722327181
"Acadia Healthcare Company, Inc.","830 Crescent Centre Drive Suite 610","Franklin","TN ","37067",35.9436349025,-86.8122773389
"ACADIA Pharmaceuticals Inc.","3911 Sorrento Valley Boulevard","San Diego","CA ","92121",32.9025737541,-117.2210765204
"Accelrys, Inc.","10188 Telesis Court Suite 100","San Diego","CA","92121",32.9019750941,-117.2077268525
"Access National Corporation","1800 Robert Fulton Drive Suite 300","Reston","VA ","20191",38.9414196033,-77.3221583075
"Accuray Incorporated","1310 Chesapeake Terrace","Sunnyvale","CA ","94089",37.4113272051,-122.0017286788
"AcelRx Pharmaceuticals, Inc.","575 Chesapeake Drive","Redwood City","CA","94063",37.5002670238,-122.2141049379
"Aceto Corporation","4 Tri Harbor Court","Port Washington","NY","11050",40.8117952891,-73.6627224653
"Achillion Pharmaceuticals, Inc.","300 George Street","New Haven","CT","6511",41.3052768762,-72.931123191
"ACI Worldwide, Inc.","120 Broadway Suite 3350","New York","NY","10271",40.7082355743,-74.0105413888
"Acme Packet, Inc.","100 Crosby Drive","Bedford","MA","1730",42.5138264724,-71.243330379
"ACNB Corporation","16 Lincoln Square","Gettysburg","PA","17325",39.8311072665,-77.2312086541
"Acorda Therapeutics, Inc.","15 Skyline Drive","Hawthorne","NY","10532",41.0937934431,-73.8125483012
"Acorn Energy, Inc.","4 West Rockland Road PO Box 9","Montchanin","DE","19710",39.7968945639,-75.575554877
"Active Power, Inc.","2128 West Braker Lane Bk12","Austin","TX","78758",30.3932496384,-97.7110482955
"Activision Blizzard, Inc","3100 Ocean Park Boulevard","Santa Monica","CA","90405",34.019786715,-118.4525558003
"Actuate Corporation","2207 Bridgepointe Parkway Suite 500","San Mateo","CA","94404",37.5605004929,-122.2837270659
"Acura Pharmaceuticals, Inc.","616 N North Court Suite 120","Palatine","IL","60067",42.121238927,-88.03844
"Acxiom Corporation","601 East Third Street","Little Rock","AR","72201",34.7452407579,-92.2647305694
"ADA-ES, Inc.","8100 Southpark Way Unit B","Littleton,","CO","80120",39.5703110273,-105.0035337356
"Adams Golf, Inc.","2801 East Plano Parkway","Plano","TX","75074",33.0072691622,-96.6757848792
"Addus HomeCare Corporation","2401 South Plum Grove Road","Palatine","IL","60067",42.0849339445,-88.0439461038
"ADDvantage Technologies Group, Inc.","1221 East Houston Street","Broken Arrow","OK ","74012",36.0463684505,-95.7757850006
"Adept Technology, Inc.","5960 Inglewood Drive","Pleasanton","CA","94588",37.6887033629,-121.8988227933
"Adobe Systems Incorporated","345 Park Avenue","San Jose","CA","95110-2704",37.329664406,-121.8950516736
"ADTRAN, Inc.","901 Explorer Boulevard","Huntsville","AL","35806-2807",34.7214201019,-86.6842456775
"Advanced Analogic Technologies, Inc.","3230 Scott Boulevard","Santa Clara","CA","95054",37.3793536421,-121.9701296672
"Advanced Energy Industries, Inc.","1625 Sharp Point Drive","Fort Collins","CO","80525",40.5654201752,-105.0298059994
"Advent Software, Inc.","600 Townsend Street 5th floor","San Francisco","CA","94103",37.7718788477,-122.4017240564
"Advocat, Inc.","1621 Galleria Boulevard","Brentwood","TN ","37027",35.9975175719,-86.7797819337
"Aegerion Pharmaceuticals, Inc.","101 Main Street suite 1850","Cambridge","MA","2142",42.3619464041,-71.0809839491
"Aegion Corp","17988 Edison Avenue","Chesterfield","MO","63005",38.6645697466,-90.6367331011
"Aehr Test Systems","400 Kato Terrace","Fremont","CA","94539",37.4629042864,-121.9166995161
"AEP Industries Inc.","125 Phillips Avenue","South Hackensack","NJ","07606-1546",40.8635612405,-74.043999558
"AeroVironment, Inc.","181 West Huntington Drive Suite 202","Monrovia","CA","91016",34.1404514885,-118.0026061167
"Aetrium Incorporated","2350 Helen Street","North St. Paul","MN","55109",45.0122145468,-92.9947544907
"AFC Enterprises, Inc.","5555 Glenridge Connector NE Suite 300","Atlanta","GA","30342",33.9028913208,-84.3542537943
"Affirmative Insurance Holdings, Inc.","4450 Sojourn Drive Suite 500","Addison","TX","75001",32.9832386571,-96.8351049102
"Affymax, Inc.","4001 Miranda Avenue/4015 Miranda Avenue","Palo Alto","CA","94304",37.3832908736,-122.1768682738
"Affymetrix, Inc.","3420 Central Expressway","Santa Clara","CA","95051",37.3776608638,-121.9905169875
"Agenus Inc.","3 Forbes Road","Lexington","MA","02421-7305",42.4444989231,-71.2614933305
"AgFeed Industries, Inc.","100 Bluegrass Commons Blvd Suite 310","Hendersonville","TN ","37075",36.3489110473,-86.6096724534
"Agilysys, Inc.","28925 Fountain Parkway","Solon","OH","44139",41.3708593943,-81.4716565959
"Air Methods Corporation","7301 South Peoria","Englewood","CO","80112",39.5842097233,-104.8462211657
"Air T, Inc.","3524 Airport Road","Maiden","NC","28650",35.5960372133,-81.0818320388
"Air Transport Services Group, Inc","145 Hunter Drive","Wilmington","OH","45177",39.4363259205,-83.7830639165
"Akamai Technologies, Inc.","8 Cambridge Center","Cambridge","MA","2142",42.3631424966,-71.0878241148
"Akorn, Inc.","1925 West Field Court Suite 300","Lake Forest","IL","60045",42.242514997,-87.8918493503
"Alaska Communications Systems Group, Inc.","600 Telephone Avenue","Anchorage","AK","99503-6091",61.1866678902,-149.8734585444
"Albany Molecular Research, Inc.","21 Corporate Circle PO Box 15098","Albany","NY","12212-5098",42.7042104569,-73.8789673193
"Alexion Pharmaceuticals, Inc.","352 Knotter Drive","Cheshire","CT","6410",41.5495811796,-72.9221482206
"Alexza Pharmaceuticals, Inc.","2091 Stierlin Court","Mountain View","CA","94043",37.4233177384,-122.0746304705
"Alico, Inc.","10070 Daniels Interstate Court","Fort Myers","FL","33913",26.514094743,-81.6993633193
"Align Technology, Inc.","2560 Orchard Parkway","San Jose","CA","95131",37.3870747823,-121.8977479601
"Alimera Sciences, Inc.","6120 Windward Parkway Suite 290","Alpharetta","GA","30005",34.0902166031,-84.2258392728
"Allegiant Travel Company","8360 South Durango Drive","Las Vegas","NV","89113",36.0363650704,-115.2788179031
"Alliance Bancorp, Inc. of Pennsylvania","541 Lawrence Road","Broomall","PA","19008",39.9628029176,-75.35627842
"Alliance Bankshares Corporation","14280 Park Meadow Drive Suite 350","Chantilly","VA ","20151",38.8733837627,-77.4400625572
"Alliance Fiber Optic Products, Inc.","275 Gibraltar Drive","Sunnyvale","CA","94089",37.4098296834,-122.0163362744
"Alliance Financial Corporation","120 Madison Street Tower II 18th Floor","Syracuse","NY","13202",43.0453864003,-76.1504025615
"Alliance Holdings GP, L.P.","1717 South Boulder Avenue Suite 400","Tulsa","OK ","74119",36.1375960301,-95.9883695493
"Alliance Resource Partners, L.P.","1717 South Boulder Avenue Suite 400","Tulsa","OK ","74119",36.1375960301,-95.9883695493
"Allied Healthcare Products, Inc.","1720 Sublette Avenue","St Louis","MO","63110",38.6203307777,-90.2806445228
"Allied Motion Technologies, Inc.","23 Inverness Way East Suite 150","Englewood","CO","80112-5711",39.5661393974,-104.8606487538
"Allos Therapeutics, Inc.","11080 CirclePoint Road Suite200","Westminster","CO","80020",39.8975346707,-105.0735473279
"Allscripts Healthcare Solutions, Inc.","222 Merchandise Mart Suite 2024","Chicago","IL","60654",41.8880394122,-87.6357926903
"Almost Family Inc","9510 Ormsby Station Road Suite 300","Louisville","KY","40223",38.2643574004,-85.5756249504
"Alnylam Pharmaceuticals, Inc.","300 Third Street 3rd Floor","Cambridge","MA","2142",42.3650785713,-71.082670078
"Alphatec Holdings, Inc.","5818 El Camino Real","Carlsbad","CA","92008",33.136130755,-117.2727878577
"Altair Nanotechnologies Inc.","204 Edison Way","Reno","NV","89502-2306",39.5137154766,-119.7519591149
"Altera Corporation","101 Innovation Drive","San Jose","CA","95134",37.3998988922,-121.9375799117
"Altra Holdings, Inc.","300 Granite Street Suite 201","Braintree","MA","2184",42.2202187202,-71.027569287
"AMAG Pharmaceuticals, Inc.","100 Hayden Avenue ","Lexington","MA","2421",42.4373719022,-71.2384912637
"Amazon.com, Inc.","1200 12th Avenue South Suite 1200","Seattle","WA","98144-2734",47.6120908849,-122.3166920769
"Ambassadors Group, Inc.","Dwight D Eisenhower Building 2001 South Flint Road","Spokane","WA","99224",47.6533483168,-117.5426922911
"Ambient Corporation","7 Wells Avenue Suite 11","Newton","Ma","2459",42.2942693423,-71.2015869269
"Amedisys Inc","5959 South Sherwood Forest Boulevard ","Baton Rouge","LA","70816",30.3999945452,-91.0530077869
"Amerco","1325 Airmotive Way Suite 100","Reno","NV","89502-3239",39.5113767139,-119.7780108017
"Ameriana Bancorp","2118 Bundy Avenue ","New Castle","IN","47362-1048",39.9127616785,-85.382317521
"America First Tax Exempt Investors, L.P.","1004 Farnam Street Suite 400","Omaha","NE","68102",41.2576582689,-95.9292817046
"America's Car-Mart, Inc.","802 Southeast Plaza Avenue Suite 200","Bentonville","AR","72712",36.3483950021,-94.2548154788
"American Capital Agency Corp.","2 Bethesda Metro Center 14th Floor","Bethesda","MD","20814",39.0058208585,-77.1024958341
"American Capital, Ltd.","Two Bethesda Metro Center 14th Floor","Bethesda","MD","20814",39.0058208585,-77.1024958341
"American Caresource Holdings Inc","5429 Lyndon B Johnson Freeway Suite 850","Dallas","TX","75240",32.9264511618,-96.8150672851
"American Dental Partners, Inc.","401 Edgewater Place Suite 430","Wakefield","MA","1880",42.5203069606,-71.0421784754
"American Electric Technologies, Inc.","6410 Long Drive ","Houston","TX","77087",29.6895883508,-95.3126842258
"American Independence Corp.","485 Madison Avenue ","New York","NY","10022-5872",40.7587856872,-73.9748065474
"American Learning Corporation","One Jericho Plaza","Jericho","NY","11753",40.7814765341,-73.5567724248
"American Medical Alert Corp.","36-36 33rd Street","Long Island City","NY","11106",40.7552607173,-73.9287353703
"American National Bankshares, Inc.","628 Main Street","Danville","VA ","24541",36.5869040682,-79.3947285616
"American National Insurance Company","One Moody Plaza","Galveston","TX","77550-7999",29.3097911639,-94.7782281364
"American Pacific Corporation","3883 Howard Hughes Parkway Suite 700","Las Vegas","NV","89169",36.1186292017,-115.1570078633
"American Public Education, Inc.","111 West Congress Street ","Charles Town","WV","25414",39.2879911404,-77.8598990495
"American Railcar Industries, Inc.","100 Clark Street","St Charles","MO","63301",38.7846075125,-90.4795942688
"American Realty Capital Properties, Inc.","405 Park Avenue","New York","NY","10022",40.7597208222,-73.972014678
"American River Bankshares","3100 Zinfandel Drive Suite 450","Rancho Cordova","CA","95670",38.5877879381,-121.2868174832
"American Science and Engineering, Inc.","829 Middlesex Turnpike","Billerica","MA","1821",42.524542803,-71.253080815
"American Software, Inc.","470 East Paces Ferry Road NE","Atlanta","GA","30305",33.8383587836,-84.3726126135
"American Superconductor Corporation","64 Jackson Road","Devens","MA","01434-4020",42.0968468578,-71.5117018338
"American Woodmark Corporation","3102 Shawnee Drive","Winchester","VA ","22601-4208",39.1360329938,-78.182615681
"Amerigon Incorporated","21680 Haggerty Road Suite 101","Northville","MI","48167",42.4473306863,-83.4339395759
"Ameris Bancorp","310 First Street SE","Moultrie","GA","31768",31.1759245181,-83.7877048415
"AMERISAFE, Inc.","2301 Highway 190 West","DeRidde","LA","70634",30.8087707888,-93.2414934079
"Ameristar Casinos, Inc.","3773 Howard Hughes Parkway Suite 490S","Las Vegas","NV","89169",36.1199227052,-115.1577400726
"Ameritrans Capital Corporation","50 Jericho Quadrangle","Jericho","NY","11753",40.789947899,-73.5415141518
"Ames National Corporation","405 5th Street Box 846","Ames","LA","50010",42.0310595678,-93.5882662512
"Amgen Inc.","One Amgen Center Drive","Thousand Oaks","CA","91320-1799",34.1876802072,-118.9177394525
"Amicus Therapeutics, Inc.","6 Cedar Brook Drive","Cranbury","NJ","8512",40.3207232803,-74.5282712611
"Amkor Technology, Inc.","1900 South Price Road","Chandler","AZ","85286-6604",33.279708058,-111.8894859824
"Ampio Pharmaceuticals, Inc.","5445 DTC Parkway Suite 925","Greenwood Village","CO","80111",39.6167551696,-104.8958015981
"Amsurg Corp.","20 Burton Hills Boulevard Suite 500","Nashville","TN ","37215",36.0931643343,-86.821973138
"Amtech Systems, Inc.","131 South Clark Drive","Tempe","AZ","85281",33.4290301416,-111.8986425327
"AmTrust Financial Services, Inc.","59 Maiden Lane 6th Floor","New York","NY","10038",40.7082220889,-74.0080909912
"Amylin Pharmaceuticals, Inc.","9360 Towne Centre Drive Suite 110","San Diego","CA","92121",32.879115923,-117.2078239237
"Amyris, Inc.","5885 Hollis Street Suite 100  ","Emeryville","CA","94608",37.8410256664,-122.2897904192
"Anacor Pharmaceuticals, Inc.","1020 East Meadow Circle ","Palo Alto","CA","94303-4230",37.4309846886,-122.1071195848
"ANADIGICS, Inc.","141 Mount Bethel Road","Warren","NJ","7059",40.633761479,-74.5041364031
"Analogic Corporation","8 Centennial Drive","Peabody","MA","1960",42.5215016897,-70.9704279126
"Analysts International Corporation","7700 France Avenue South","Minneapolis","MN","55435",44.8618969611,-93.3289020529
"Anaren, Inc.","6635 Kirkville Road","East Syracuse","NY","13057",43.0767376528,-76.0610812473
"Ancestry.com, Inc.","360 West 4800 North","Provo","UT","84604",40.2974403672,-111.6640833701
"Anchor Bancorp","601 Woodland Square Loop SE","Lacey","WA","98530",47.0416685258,-122.827584034
"Angeion Corporation","350 Oak Grove Parkway","Saint Paul","MN","55127-8599",45.0768625458,-93.0854293501
"Angie's List, Inc.","1030 East Washington Street","Indianapolis","IN","46202",39.7670325014,-86.1403615788
"AngioDynamics, Inc.","14 Plaza Drive","Latham","NY","12110",42.7527825421,-73.7755502499
"Anika Therapeutics Inc.","32 Wiggins Avenue","Bedford","MA","1730",42.4790543331,-71.2638286475
"Annapolis Bancorp Inc.","1000 Bestgate Road Suite 400","Annapolis","MD","21401",39.0028423011,-76.5080754038
"ANSYS, Inc.","Southpointe 275 Technology Drive","Canonsburg","PA","15317",40.2701690384,-80.1687173407
"Anthera Pharmaceuticals, Inc.","25801 Industrial Boulevard Suite B","Hayward","CA","94545",37.6348039549,-122.1129193504
"Apco Oil and Gas International Inc.","One Williams Center MD 35-8 35th Floor","Tulsa","OK ","74172",36.1354043801,-95.9130798553
"API Technologies Corp.","4705 South Apopka Vineland Road Suite 210","Orlando","FL","32819",28.4920078725,-81.5084283474
"Apogee Enterprises, Inc.","4400 West 78th Street Suite 520","Minneapolis","MN","55435",44.8734947011,-93.3347175875
"Apollo Group, Inc.","4025 South Riverpoint Parkway","Phoenix","AZ","85040",33.4056986383,-112.0259360475
"Apollo Investment Corporation","9 West 57th Street","New York","NY","10019",40.7631665235,-73.974210254
"Apple Inc.","1 Infinite Loop","Cupertino","CA","95014",37.3304696302,-122.0291379564
"Appliance Recycling Centers of America, Inc.","7400 Excelsior Boulevard","Minneapolis","MN","55426",44.9264619919,-93.3745556483
"Applied Energetics, Inc","3590 East Columbia Street","Tucson","AZ","85714",32.1723163065,-110.9128715761
"Applied Materials, Inc.","3050 Bowers Avenue","Santa Clara","CA","95052-8039",37.3763107967,-121.9778512146
"Applied Micro Circuits Corporation","215 Moffett Park Drive","Sunnyvale","CA","94089",37.4063974043,-122.0131586052
"Approach Resources Inc.","One Ridgmar Centre 6500 West Freeway Suite 800","Fort Worth","TX","76116",32.7214044939,-97.4503769479
"Apricus Biosciences, Inc","6330 Nancy Ridge Drive Suite 103","San Diego","CA","92121",32.8872188179,-117.1819051853
"Arabian American Development Company","1600 Highway 6 South Suite 240","Sugar Land","TX","77478",29.6003123697,-95.6282599802
"Arc Wireless Solutions, Inc.","6330 North Washington Street Unit13","Denver","CO","80216-1146",39.8115145318,-104.9779592077
"Arca Biopharma, Inc.","8001 Arista Place Suite200","Broomfield","CO","80021",39.8897634296,-105.1143464468
"Archipelago Learning, Inc.","3232 McKinney Avenue Suite400","Dallas","TX","75204",32.8033613173,-96.7998846647
"Arctic Cat Inc.","601 Brooks Avenue South","Thief River Falls","MN","56701",48.1224271413,-96.1934401514
"Ardea Biosciences, Inc.","4939 Directors Place","San Diego","CA","92121",32.8975240367,-117.2035728135
"Arden Group, Inc.","2020 South Central Avenue","Compton","CA","90220",33.8750402321,-118.2480000777
"Arena Pharmaceuticals, Inc.","6166 Nancy Ridge Drive","San Diego","CA","92121",32.8880645256,-117.1841378747
"ARIAD Pharmaceuticals, Inc.","26 Landsdowne Street","Cambridge","MA","02139-4234",42.3610948686,-71.0988347233
"Ariba, Inc.","910 Hermosa Court","Sunnyvale","CA","94089",37.3871303956,-122.0386790462
"Ark Restaurants Corp.","85 Fifth Avenue 14th Floor","New York","NY","10003",40.7374529657,-73.9924525964
"Arkansas Best Corporation","3801 Old Greenwood Road ","Fort Smith","AR","72903",35.3490284414,-94.3616027268
"Arotech Corporation","1229 Oak Valley Drive","Ann Arbor","MI","48108",42.251376167,-83.7740954321
"ArQule, Inc.","19 Presidential Way","Woburn","MA","1801",42.5245528477,-71.1478961436
"Array BioPharma Inc.","3200 Walnut Street","Boulder","CO","80301",40.0199920831,-105.2514105279
"Arris Group Inc","3871 Lakefield Drive","Suwanee","GA","30024",34.0640256072,-84.1575089905
"Arrow Financial Corporation","250 Glen Street","Glens Falls","NY","12801",43.3118955188,-73.6448829441
"Arrowhead Research Corporation","225 South Lake Avenue 3rd Floor","Pasadena","CA","91101",34.1416857477,-118.1324045842
"Art's-Way Manufacturing Co., Inc.","5556 Highway 9 PO Box 288","Armstrong","LA","50514",43.4132337715,-94.4724633199
"Artesian Resources Corporation","664 Churchmans Road","Newark","DE","19702",39.687328012,-75.6405280825
"ArthroCare Corporation","7500 Rialto Boulevard Building Two","Austin","TX","78735",30.2660795294,-97.8680875913
"Aruba Networks, Inc.","1344 Crossman Avenue","Sunnyvale","CA","94089-1113",37.4135313689,-122.0091512342
"ASB Bancorp, Inc.","11 Church Street","Asheville","NC","28801",35.5945156474,-82.5535762375
"Ascena Retail Group, Inc.","30 Dunnigan Drive","Suffern","NY","10901",41.115943115,-74.1187908319
"Ascent Capital Group, Inc.","12300 Liberty Boulevard","Englewood","CO","80112",39.5539543467,-104.8468345014
"Ascent Solar Technologies, Inc.","12300 North Grant Street","Thornton","CO","80241",39.9197155341,-104.985023274
"Aspen Technology, Inc.","200 Wheeler Road","Burlington","MA","1803",42.4760330249,-71.2165756008
"AspenBio Pharma, Inc.","1585 South Perry Street ","Castle Rock","CO","80104",39.3122359777,-104.819870612
"Asset Acceptance Capital Corp.","28405 Van Dyke Avenue","Warren","ML","48093",42.5140100347,-83.0145428876
"Associated Banc-Corp","1200 Hansen Road","Green Bay","WL","54304",44.4945222523,-88.0698427257
"Asta Funding, Inc.","210 Sylvan Avenue","Englewood Cliffs","NJ","7632",40.8713283817,-73.9551575994
"Astea International, Inc.","240 Gibraltar Road","Horsham","PA","19044-2306",40.1708843177,-75.1309472658
"Astec Industries, Inc.","1725 Shepherd Road","Chattanooga","TN ","37421",35.0379584188,-85.1903269254
"Astex Pharmaceuticals, Inc.","4140 Dublin Boulevard Suite 200","Dublin","CA","94568",37.7152882744,-121.910956674
"Astro-Med, Inc.","600 East Greenwich Avenue","West Warwick","RL","2893",41.6998109983,-71.5157349835
"Astronics Corporation","130 Commerce Way ","East Aurora","NY","14052",42.7607682435,-78.6384277693
"Astrotech Corporation","401 Congress Avenue Suite 1650","Austin","TX","78701",30.2661832563,-97.7434094075
"Asure Software Inc","110 Wild Basin Road Suite 100","Austin","TX","78746",30.3057948441,-97.8235960277
"athenahealth, Inc.","311 Arsenal Street ","Watertown","MA","2472",42.3641130254,-71.1708818817
"Athens Bancshares Corporation","106 Washington Avenue ","Athens","TN ","37303",35.4360132242,-84.6436324962
"Athersys, Inc.","3201 Carnegie Avenue","Cleveland","OH","44115-2634",41.5001645117,-81.6657481526
"Atlantic American Corporation","4370 Peachtree Road NE","Atlanta","GA","30319",33.8706871975,-84.3331694208
"Atlantic Coast Federal Corporation","12724 Gran Bay Parkway West Suite 150","Jacksonville","FL","32258",30.1402887407,-81.550825001
"Atlantic Tele-Network, Inc.","600 Cummings Center Suite 268-Z","Beverly","MA","1915",42.5664524422,-70.8564152726
"Atlas Air Worldwide Holdings","2000 Westchester Avenue","Purchase","NY","10577-2543",41.0138406496,-73.7052284363
"Atmel Corporation","2325 Orchard Parkway","San Jose","CA","95131",37.4047186966,-121.8867293695
"ATMI Inc.","7 Commerce Drive","Danbury","CT","6810",41.4117245642,-73.418720819
"ATP Oil & Gas Corporation","versterkerstraat 8 Suite 100","Houston","TX","77027",29.7402604375,-95.4464816503
"AtriCure, Inc.","6217 Centre Park Drive ","West Chester","OH","45069",39.3039593799,-84.4216955079
"ATRION Corporation","One Allentown Parkway","Allen","TX","75002-4211",33.0825869946,-96.6768722274
"Auburn National Bancorporation, Inc.","100 North Gay Street","Auburn","AL","36830",32.6065628923,-85.4797885648
"Audiovox Corporation","180 Marcus Boulevard","Hauppauge","NY","11788",40.8113074428,-73.2471400403
"AuthenTec, Inc.","100 Rialto Place Suite 100","Melbourne","FL","32901",28.0899948227,-80.6238329187
"Authentidate Holding Corp.","300 Connell Drive Connell Corporate Center","Berkeley Heights","NJ","7922",40.6752928646,-74.4278617491
"Autobytel Inc.","18872 MacArthur Boulevard Suite 200","Irvine","CA","92612-1400",33.6416377983,-117.8105995658
"Autodesk, Inc.","111 McInnis Parkway","San Rafael","CA","94903",38.0056650961,-122.5324295059
"Automatic Data Processing, Inc.","1 ADP Boulevard","Roseland","NJ","7068",40.8173900324,-74.3031466517
"Auxilium Pharmaceuticals, Inc.","40 Valley Stream Parkway","Malvern","PA","19355",40.0581257572,-75.5243214182
"Avanir Pharmaceuticals, Inc.","20 Enterprise Suite 200","Aliso Viejo","CA","92656",33.5852330076,-117.7337031955
"Avatar Holdings Inc.","201 Alhambra Circle","Coral Gables","FL","33134",25.75223115,-80.2587445518
"AVEO Pharmaceuticals, Inc.","75 Sidney Street 4th Floor","Cambridge","MA","2139",42.3610613073,-71.1017897393
"AVI BioPharma, Inc.","3450 Monte Villa Parkway Suite 101","Bothell","WA","98021",47.7785932085,-122.186550959
"Aviat Networks, Inc.","5200 Great America Parkway","Santa Clara","CA","95054",37.4057260038,-121.9778966859
"Avid Technology, Inc.","75 Network Drive","Veldhoven","MA","1803",42.5020211555,-71.2027022239
"Avis Budget Group, Inc.","6 Sylvan Way","Parsippany","NJ","7054",40.8578573302,-74.4035972402
"Aware, Inc.","40 Middlesex Turnpike","Bedford","MA","1730",42.4712102472,-71.2112080814
"Axcelis Technologies, Inc.","108 Cherry Hill Drive","Beverly","MA","1915",42.5797327991,-70.9134361065
"AXT Inc","4281 Technology Drive","Fremont","CA","94538",37.5081169271,-121.9552349432
"Balchem Corporation","52 Sunrise Park Road","New Hampton","NY","10958",41.4186803144,-74.4229370494
"Baldwin & Lyons, Inc.","1099 North Meridian Street","Indianapolis","IN","46204",39.7827208128,-86.1573990693
"Baldwin & Lyons, Inc.","1099 North Meridian Street","Indianapolis","IN","46204",39.7827208128,-86.1573990693
"BancFirst Corporation","101 North Broadway","Oklahoma City","OK ","73102",35.467701766,-97.5145628405
"Bancorp Rhode Island, Inc.","One Turks Head Place","Providence","RL","2903",41.8206818279,-71.4128550307
"BancTrust Financial Group, Inc.","100 Saint Joseph Street PO Box 3067","Mobile","AL","36602",30.6935410925,-88.0423903106
"Bank Mutual Corporation","4949 West Brown Deer Road","Milwaukee","WI","53223",43.1775895317,-87.9723118085
"Bank of Commerce Holdings (CA)","1951 Churn Creek Road","Redding","CA","96002",40.5817115873,-122.3540160028
"Bank of Marin Bancorp","504 Redwood Boulevard Suite 100","Novato","CA","94947",38.0765010112,-122.5517160188
"Bank of South Carolina Corp.","256 Meeting Street","Charleston","SC","29401",32.7833320917,-79.9318139657
"Bank of the Carolinas Corporation","Davie County 135 Boxwood Village Drive","Mocksville","NC ","27028",35.9252892921,-80.5740851728
"Bank of the Ozarks","12615 Chenal Parkway","Little Rock","AR","72211",34.753611613,-92.4143054195
"Bank Of Virginia","11730 Hull Street Road","Midlothian","VA","23112",37.434150152,-77.6098729532
"BankFinancial Corporation","15W060 North Frontage Road","Burr Ridge","IL","60527",41.7444824104,-87.9335668724
"Banner Corporation","10 South First Avenue","Walla Walla","WA","99362",46.0663833317,-118.3374876078
"Barrett Business Services, Inc.","8100 NE Parkway Drive Suite 200","Vancouver","WA","98662",45.6555319315,-122.5907377164
"Bassett Furniture Industries, Incorporated","3525 Fairystone Park Highway","Bassett","VA","24055",36.7531867511,-80.000204294
"BBCN Bancorp, Inc.","3731 Wilshire Boulevard Suite 1000","Los Angeles","CA","90010",34.0623920116,-118.3074653706
"BCB Bancorp, Inc. (NJ)","104-110 Avenue C","Bayonne","NJ","7002",40.6494096402,-74.1302637914
"BCSB Bancorp, Inc.","4111 East Joppa Road Suite 300","Baltimore","MD","21236",39.3979384297,-76.4838679032
"BE Aerospace, Inc.","1400 Corporate Center Way","Wellington","FL","33414",26.6615058504,-80.2650937641
"Beacon Federal Bancorp, Inc.","6611 Manlius Center Road","East Syracuse","NY","13057",43.0632331488,-76.0521066922
"Beacon Roofing Supply, Inc.","One Lakeland Park Drive","Peabody","MA","1960",42.5339715581,-70.9868251761
"Beasley Broadcast Group, Inc.","3033 Riviera Drive Suite 200","Naples","FL","34103",26.1827802823,-81.8004813817
"bebe stores, inc.","400 Valley Drive","Brisbane","CA","94005",37.6911857601,-122.417059173
"Bed Bath & Beyond Inc.","650 Liberty Avenue","Union","NJ","7083",40.6980455753,-74.3023000178
"Bel Fuse Inc.","206 Van Vorst Street","Jersey City","NJ","7302",40.7144265821,-74.0411737332
"Bel Fuse Inc.","206 Van Vorst Street","Jersey City","NJ","7302",40.7144265821,-74.0411737332
"Beneficial Mutual Bancorp, Inc.","510 Walnut Street 19th Floor","Philadelphia","PA","19106",39.9474437408,-75.1496928211
"Benihana Inc.","8685 Northwest 53rd Terrace","Miami","FL","33166",25.8216216125,-80.3374344561
"Berkshire Bancorp, Inc.","160 Broadway","New York","NY","10038",40.7094458389,-74.0101758576
"Berkshire Hills Bancorp, Inc.","24 North Street","Pittsfield","MA","1201",42.4487261958,-73.2537415199
"BG Medicine, Inc.","610 Lincoln Street North","Waltham","MA","2451",42.4078009402,-71.2523515145
"BGC Partners, Inc.","499 Park Avenue","New York","NY","10022",40.7628774203,-73.9697161615
"Bidz.com, Inc.","3562 Eastham Drive","Culver City","CA","90232",34.025546228,-118.3775133996
"Big 5 Sporting Goods Corporation","2525 East El Segundo Boulevard","El Segundo","CA","90245",33.9163007348,-118.3758595106
"Bio-Reference Laboratories, Inc.","481 Edward H Ross Drive","Elmwood Park","NJ","7407",40.8988201808,-74.1090565484
"Bioanalytical Systems, Inc.","2701 Kent Avenue","West Lafayette","IN","47906",40.4592856416,-86.9294831951
"BioClinica, Inc","826 Newtown-Yardley Road","Newtown","PA","18940",40.2310393756,-74.9096745502
"BioCryst Pharmaceuticals, Inc.","4505 Emperor Boulevard Suite 200","Durham","NC","27703",35.87378643,-78.841615072
"Biodel Inc.","100 Saw Mill Road","Danbury","CT","6810",41.3818971654,-73.5362724461
"BioDelivery Sciences International, Inc.","801 Corporate Center Drive Suite 210","Raleigh","NC","27607",35.7930969726,-78.7394974555
"BioFuel Energy Corp.","1600 Broadway Suite 2200","Denver","CO","80202",39.7416980271,-104.9873160025
"Biogen Idec Inc","133 Boston Post Road","Weston","MA","2493",42.3687666991,-71.2722627834
"BioLase Technology, Inc.","4 Cromwell","Irvine","CA","92618",33.6532927322,-117.7056750119
"BioMarin Pharmaceutical Inc.","105 Digital Drive","Novato","CA","94949",38.0710809425,-122.5307710945
"BioMimetic Therapeutics, Inc.","389 Nichol Mill Lane","Franklin","TN","37067",35.9563401326,-86.8197818237
"Bionovo, Inc.","5858 Horton Street Suite 400","Emeryville","CA","94608",37.8402136131,-122.2912068554
"Biosante Pharmaceuticals, Inc.","111 Barclay Boulevard Suite 280","Lincolnshire","IL","60069",42.1948870136,-87.9367578168
"BioScrip, Inc.","100 Clearbrook Road","Elmsford","NY","10523",41.074641701,-73.8139724378
"BioSpecifics Technologies Corp","35 Wilbur Street","Lynbrook","NY","11563",40.6608110755,-73.6864558449
"Birner Dental Management Services, Inc.","1777 South Harrison Street Suite 1400","Denver","CO","80210",39.6846340909,-104.9419120666
"Bitstream Inc.","500 Nickerson Road","Marlborough","MA","01752-4695",42.3339744229,-71.5950904237
"BJ's Restaurants, Inc.","7755 Center Avenue Suite 300","Huntington Beach","CA","92647",33.733980028,-117.9946746844
"Black Box Corporation","1000 Park Drive","Lawrence","PA","15055-1018",40.3035073358,-80.1228479895
"Black Diamond, Inc.","2084 East 3900 South","Salt Lake City","UT","84124",40.6869886966,-111.8313495767
"Blackbaud, Inc.","2000 Daniel Island Drive","Charleston","SC","29492-7541",32.921207177,-79.8740837853
"BlackRock Kelso Capital Corporation","40 East 52nd Street 21st Floor","New York","NY","10022",40.7589109962,-73.9744312844
"Blue Coat Systems Inc","420 North Mary Avenue","Sunnyvale","CA","94085",37.3906626711,-122.0402974075
"Blue Dolphin Energy Company","801 Travis Street Suite 2100","Houston","TX","77002",29.7589241402,-95.3645483309
"Blue Nile, Inc.","705 Fifth Avenue South Suite 700","Seattle","WA","98104",47.5966328039,-122.3277729451
"Bluefly, Inc.","42 West 39th Street","New York","NY","10018",40.7520610541,-73.983651568
"Blueknight Energy Partners L.P., L.L.C.","Two Warren Place 6120 South Yale Avenue","Tulsa","OK","74136",36.0616224577,-95.9409385968
"BMC Software, Inc.","2101 Citywest Boulevard","Houston","TX","77042-2827",29.7432075396,-95.5616769922
"BNC Bancorp","1226 Eastchester Drive","High Point","NC","27265",35.9941906449,-79.9968896737
"Bob Evans Farms, Inc.","3776 South High Street","Columbus","OH","43207",39.8846477435,-82.9996745864
"Body Central Corp.","6225 Powers Avenue","Jacksonville","FL","32217",30.2597281063,-81.619229398
"BofI Holding, Inc.","12777 High Bluff Drive Suite 100","San Diego","CA","92130",32.9501952737,-117.2392442339
"Boingo Wireless, Inc.","10960 Wilshire Boulevard Suite 800","Los Angeles","CA","90024",34.0574926634,-118.446018538
"BOK Financial Corporation","Bank Of Oklahoma Tower Boston Avenue At Second Street","Tulsa","OK","74172",36.1354043801,-95.9130798553
"Bolt Technology Corporation","Four Duke Place","Norwalk","CT","6854",41.0919189097,-73.4302417814
"Books-A-Million, Inc.","402 Industrial Lane","Birmingham","AL","35211",33.4497283435,-86.8543087398
"Boston Private Financial Holdings, Inc.","Ten Post Office Square","Boston","MA","2109",42.3575800228,-71.0562505078
"Bottomline Technologies, Inc.","325 Corporate Drive","Portsmouth","NH","3801",43.0709043908,-70.7981088615
"Bravo Brio Restaurant Group, Inc.","777 Goodale Boulevard Suite 100","Columbus","OH","43212",39.9740771706,-83.023525899
"BreitBurn Energy Partners, L.P.","515 South Flower Street Suite 4800","Los Angeles","CA","90071",34.0514169809,-118.2563428211
"Bridge Bancorp, Inc.","2200 Montauk Highway PO Box 3005","Bridgehampton","NY","11932",40.9366138064,-72.3042672916
"Bridge Capital Holdings","55 Almaden Boulevard Suite200","San Jose","CA","95113",37.332621029,-121.8939843568
"Bridgeline Digital, Inc.","10 Sixth Road","Woburn","MA","1801",42.5120772694,-71.1444810983
"Bridgford Foods Corporation","1308 North Patt Street","Anaheim","CA","92801",33.8527198152,-117.9153816915
"Brightpoint, Inc.","7635 Interactive Way Suite 200","Indianapolis","IN","46278",39.8914971436,-86.3004003729
"Britton & Koontz Capital Corporation","500 Main Street","Natchez","MS","39120",31.5592299588,-91.4020225276
"Broadcom Corporation","5300 California Avenue Buildings 1-8","Irvine","CA","92617",33.6780424721,-117.7737180742
"BroadSoft, Inc.","220 Perry Parkway","Gaithersburg","MD","20877",39.1411485489,-77.2095140665
"BroadVision, Inc.","1600 Seaport Boulevard Suite 550","Redwood City","CA","94063",37.4947001802,-122.2045383612
"Broadway Financial Corporation","4800 Wilshire Boulevard","Los Angeles","CA","90010",34.061952975,-118.3348127378
"Broadwind Energy, Inc.","47 East Chicago Avenue Suite 332","Naperville","IL","60540",41.7636532465,-88.1452719192
"Brocade Communications Systems, Inc.","130 Holger Way","San Jose","CA","95134",37.4296282745,-121.9454043976
"Brookline Bancorp, Inc.","160 Washington Street","Brookline","MA","02447-0469",42.331701079,-71.1177934605
"Brooklyn Federal Bancorp, Inc.","81 Court Street","Brooklyn","NY","11201",40.6915416934,-73.9913747682
"Brooks Automation, Inc.","15 Elizabeth Drive","Chelmsford","MA","1824",42.5890239645,-71.3174944191
"Bruker Corporation","40 Manning Road Manning Park","Billerica","MA","1821",42.5507037783,-71.2525670443
"Bryn Mawr Bank Corporation","801 Lancaster Avenue","Bryn Mawr","PA","19010",40.0213814356,-75.3179263425
"BSB Bancorp, Inc.","2 Leonard Street","Belmont","MA","2478",42.3963541617,-71.1761955089
"BSD Medical Corporation","2188 West 2200 South","Salt Lake City","UT","84119-1326",40.7231617732,-111.9473373288
"BSQUARE Corporation","110 110th Avenue NE Suite 200","Bellevue","WA","98004",47.6107853068,-122.1935084825
"BTU International, Inc.","23 Esquire Road","North Billerica","MA","01862-2596",42.5623866497,-71.3024399687
"Buffalo Wild Wings, Inc.","5500 Wayzata Boulevard Suite 1600","Minneapolis","MN","55416",44.9711360397,-93.3507943362
"Builders FirstSource, Inc.","2001 Bryan Street Suite 1600","Dallas","TX","75201",32.784726187,-96.7966458737
"C.H. Robinson Worldwide, Inc.","14701 Charlson Road","Eden Prairie","MN","55347-5076",44.8298003489,-93.4668224248
"C&F Financial Corporation","802 Main Street","West Point","VA","23181",37.6011692629,-76.8961440122
"CA Inc.","One CA Plaza ","Islandia","NY","11749",40.8067301865,-73.1714274683
"Cabot Microelectronics Corporation","870 North Commons Drive","Aurora","IL","60504",41.7744456853,-88.2241790262
"Cache, Inc.","1440 Broadway 5th Floor","New York","NY","10018",40.7545650759,-73.9866927033
"Cadence Design Systems, Inc.","2655 Seely Avenue Building 5","San Jose","CA","95134",37.3971300587,-121.9196362787
"Cadence Pharmaceuticals, Inc.","12481 High Bluff Drive Suite 200","San Diego","CA","92130",32.9453295789,-117.2406365504
"Cadiz, Inc.","550 South Hope Street Suite 2850","Los Angeles","CA","90071",34.0497236457,-118.2556527547
"Cal-Maine Foods, Inc.","3320 Woodrow Wilson Avenue","Jackson","MS","39209",32.3251189955,-90.2230865066
"Calamos Asset Management, Inc.","2020 Calamos Court","Naperville","IL","60563-2787",41.7995408861,-88.1712996098
"CalAmp Corp.","1401 North Rice Avenue","Oxnard","CA","93030",34.2161764794,-119.1421346919
"Calavo Growers, Inc.","1141-A Cummings Road","Santa Paula","CA","93060",34.3343727419,-119.1220899933
"California First National Bancorp","18201 Von Karman Avenue Suite 800","Irvine","CA","92612",33.6766438848,-117.8532783417
"Callidus Software, Inc.","6200 Stoneridge Mall Road Suite 500","Pleasanton","CA","94588",37.6942754925,-121.9244023293
"Calumet Specialty Products Partners, L.P.","2780 Waterfront Parkway East Drive Suite 200","Indianapolis","IN","46214",39.7919097745,-86.2891267616
"Cambium Learning Group, Inc.","17855 Dallas Parkway Suite 400","Dallas","TX","75287",32.994477513,-96.829762667
"Camco Financial Corporation","814 Wheeling Avenue","Cambridge","OH","43725",40.0246733603,-81.5898097031
"Camden National Corporation","2 Elm Street","Camden","ME","4843",44.2297040986,-69.0885007079
"Canterbury Park Holding Corporation","1100 Canterbury Road","Shakopee","MN","55379",44.7857878471,-93.4698068038
"Cape Bancorp, Inc.","225 North Main Street","Cape May Courthouse","NJ","V6J 1Z2",40.1227298467,-74.7034613854
"Capella Education Company","225 South Sixth Street Capella Tower 9th Floor","Minneapolis","MN","55402",44.9764602178,-93.268396757
"Capital Bank Corporation","333 Fayetteville Street Suite 700","Raleigh","NC","27601",35.7764863199,-78.6392047512
"Capital City Bank Group","217 North Monroe Street","Tallahassee","FL","32301",30.4437769076,-84.2805918142
"Capital Southwest Corporation","12900 Preston Road Suite 700","Dallas","TX","75230",32.9250026668,-96.8034878475
"Capitol Federal Financial","700 South Kansas Avenue Suite 517","Topeka","KS","66603",39.0501956799,-95.6738295306
"Capstone Turbine Corporation","21211 Nordhoff Street","Chatsworth","CA","91311",34.2355469961,-118.5941230306
"Carbonite, Inc.","177 Huntington Avenue","Boston","MA","2115",42.3445184038,-71.0829841193
"Cardica, Inc.","900 Saginaw Drive","Redwood City","CA","94063",37.5017861908,-122.2184393733
"Cardinal Financial Corporation","8270 Greensboro Drive Suite 500","McLean","VA","22102",38.923560317,-77.231123987
"CardioNet, Inc.","227 Washington Street Suite 300","Conshohocken","PA","19428",40.0712482238,-75.3042381405
"Cardiovascular Systems, Inc.","651 Campus Drive","St Paul","MN","55112-3495",45.0396748863,-93.1954036188
"Cardtronics, Inc.","3250 Briarpark Drive Suite 400","Houston","TX","77042",29.7294980424,-95.5490862252
"Career Education Corporation","231 North Martingale Road","Schaumburg","IL","60173",42.030777514,-88.0317885337
"Caribou Coffee Company, Inc.","3900 Lakebreeze Avenue North","Brooklyn Center","MN","55429",45.0432266758,-93.3314670737
"Carmike Cinemas, Inc.","1301 First Avenue","Columbus","GA","31901-2109",32.4705210697,-84.9918191394
"Carolina Bank Holdings Inc.","101 North Spring Street","Greensboro","NC ","27401",36.072846109,-79.7973229734
"Carolina Trust Bank","901 East Main Street","Lincolnton","NC","28092",35.4750577299,-81.2457804259
"Carrizo Oil & Gas, Inc.","1000 Louisiana Street Suite 1500","Houston","TX","77002",29.7585747455,-95.3675833492
"Carrollton Bancorp","7151 Columbia Gateway Drive Suite A","Columbia","MD","21046-2149",39.1736925939,-76.8419016118
"Carrols Restaurant Group, Inc.","968 James Street","Syracuse","NY","13203-2596",43.0584888423,-76.1357729239
"Carver Bancorp, Inc.","75 West 125th Street","New York","NY","10027",40.8075201584,-73.9446501605
"CAS Medical Systems, Inc.","44 East Industrial Road","Branford","CT","6405",41.29743833,-72.7613804677
"Cascade Bancorp","1100 NW Wall Street","Bend","OR","97701",44.06038918,-121.3124606834
"Cascade Microtech, Inc.","2430 NW 206th Avenue","Beaverton","OR","97006",45.5376994261,-122.8876480954
"Casella Waste Systems, Inc.","25 Greens Hill Lane","Rutland","VT","5701",43.6345435219,-72.9153154898
"Caseys General Stores, Inc.","One Convenience Boulevard","Ankeny","LA","50021",41.7260577701,-93.5965971489
"Cass Information Systems, Inc","13001 Hollenberg Drive","Bridgeton","MO","63044",38.7529799983,-90.4457033504
"Casual Male Retail Group, Inc.","555 Turnpike Street","Canton","MA","2021",42.1678617657,-71.1101675183
"Catalyst Health Solutions, Inc","800 King Farm Boulevard","Rockville","MD","20850",39.0907730372,-77.1815446442
"Catalyst Pharmaceutical Partners, Inc.","355 Alhambra Circle Suite 1370","Coral Gables","FL","33134",25.7519893175,-80.2618937523
"Cathay General Bancorp","777 North Broadway","Los Angeles","CA","90012",34.0621274141,-118.2388523528
"Cavco Industries, Inc.","1001 North Central Avenue Suite 800","Phoenix","AZ","85004",33.4586832748,-112.0737147235
"Cavium, Inc.","805 East Middlefield Road","Mountain View","CA","94043",37.3902862107,-122.0481227256
"Cazador Acquisition Corporation Ltd.","PO Box 309 Ugland House","Grand Cayman","KY","1-1104",37.595691178,-85.4094162174
"Cbeyond, Inc.","320 Interstate North Parkway SE Suite 300","Atlanta","GA","30339",33.8743200676,-84.4633634494
"CBOE Holdings, Inc.","400 South LaSalle Street ","Chicago","IL","60605",41.8768658773,-87.6318617966
"CECO Environmental Corp.","4625 Red Bank Road Suite 200","Cincinnati","OH","45227",39.1579536293,-84.4040042436
"Celgene Corporation","86 Morris Avenue","Summit","NJ","7901",40.7116467969,-74.345809049
"Cell Therapeutics, Inc.","501 Elliott Avenue West Suite 400","Seattle","WA","98119",47.623502482,-122.3644591448
"Celldex Therapeutics, Inc","119 Fourth Avenue","Needham","MA","2494",42.2987411107,-71.2116592254
"Celsion Corporation","10220-L Old Columbia Road","Columbia","MD","21046",39.1736925939,-76.8419016118
"Center Bancorp, Inc.","2455 Morris Avenue","Union","NJ","7083",40.7017766329,-74.2876479425
"CenterState Banks, Inc.","42745 US Highway 27","Davenport","FL","33837",28.1883733197,-81.6133124114
"Central Bancorp, Inc","399 Highland Avenue","Somerville","MA","2144",42.3957959012,-71.1204827508
"Central European Distribution Corporation","3000 Atrium Way Suite 265","Mount Laurel","NJ","8054",39.9183448737,-74.9502837747
"Central Federal Corporation","2923 Smith Road","Fairlawn","OH","44333",41.1359550436,-81.6152861793
"Central Garden & Pet Company","1340 Treat Boulevard Suite 600","Walnut Creek","CA","94597",37.9181722865,-122.0714613203
"Central Garden & Pet Company","1340 Treat Boulevard Suite 600","Walnut Creek","CA","94597",37.9181722865,-122.0714613203
"Central Valley Community Bancorp","7100 North Financial Drive Suite 101","Fresno","CA","93720",36.8395382629,-119.7715951103
"Central Virginia Bankshares, Inc.","2036 New Dorset Road PO Box 39","Powhatan","VA","23139",37.5149121405,-77.8108857681
"Century Aluminum Company","2511 Garden Road Building A","Monterey","CA","93940",36.5862423694,-121.8536000515
"Century Bancorp, Inc.","400 Mystic Avenue","Medford","MA","2155",42.4238949598,-71.1092001725
"Century Casinos, Inc.","2860 South Circle Drive Suite 350","Colorado Springs","CO","80906",38.7960295289,-104.7897709983
"CEPHEID","904 Caribbean Drive","Sunnyvale","CA","94089-1189",37.4144207205,-122.0026019055
"Ceradyne, Inc.","3169 Red Hill Avenue","Costa Mesa","CA","92626",33.6790008129,-117.9083093119
"Cereplast, Inc.","300 North Continental Boulevard Suite 100","El Segundo","CA","90245",33.9202246606,-118.3897748509
"Cerner Corporation","2800 Rockcreek Parkway","North Kansas City","MO","64117",39.1484417501,-94.5465984543
"Cerus Corporation","2550 Stanwell Drive","Concord","CA","94520",37.9838069525,-122.0485790157
"CEVA, Inc.","1943 Landings Drive","Mountain View","CA","94043",37.4211374222,-122.0911359544
"CFS Bancorp, Inc.","707 Ridge Road","Munster","IN","46321",41.5616868164,-87.5112457699
"Champion Industries, Inc.","2450-90 1st Avenue PO Box 2968","Huntington","WV","25728",38.4296281965,-82.4153478166
"Charles & Colvard Ltd","300 Perimeter Park Drive Suite A","Morrisville","NC","27560",35.8536017091,-78.8240695945
"Charming Shoppes, Inc.","3750 State Road","Bensalem","PA","19020",40.106614136,-74.9379456796
"Chart Industries, Inc.","One Infinity Corporate Centre Drive Suite 300","Garfield Heights","OH","44125-5370",41.4064848387,-81.6148595346
"Charter Communications, Inc.","12405 Powerscourt Drive Suite 100","St. Louis","MO","63131-3660",38.6058623526,-90.4502479102
"Charter Financial Corp.","1233 Ogskinner Drive","West Point","GA","31833",32.8508248549,-85.0878932563
"Chelsea Therapeutics International, Ltd.","3530 Toringdon Way Suite 200","Charlotte","NC","28277",35.0683256501,-80.8407130487
"Chemical Financial Corporation","235 East Main Street","Midland","ML","48640-0569",43.5863584458,-84.3391463331
"Cherokee Inc.","6835 Valjean Avenue","Van Nuys","CA","91406",34.1943207468,-118.4859256117
"Cheviot Financial Corp","3723 Glenmore Avenue","Cheviot","OH","45211",39.1555387012,-84.6115093622
"Chicopee Bancorp, Inc.","70 Center Street","Chicopee","MA","1013",42.1466668551,-72.607542308
"China Direct Industries, Inc.","431 Fairway Drive Suite 200","Deerfield Beach","FL","33441",26.3201546432,-80.1138845446
"Chindex International, Inc.","4340 East West Highway Suite 1100","Bethesda","MD","20814",38.9853649465,-77.0883790725
"Churchill Downs, Incorporated","700 Central Avenue","Louisville","KY","40208",38.2056193582,-85.7705462567
"Chyron Corporation","5 Hub Drive","Melville","NY","11747",40.7617715115,-73.4381596976
"CIENA Corporation","1201 Winterson Road","Linthicum","MD","21090",39.2034084623,-76.681559541
"CIFC Corp.","250 Park Avenue 5th Floor","New York","NY","10177",40.7551387339,-73.9759336851
"Cincinnati Financial Corporation","6200 South Gilmore Road","Fairfield","OH","45014-5141",39.3087863359,-84.5233530801
"Cinedigm Digital Cinema Corp","55 Madison Avenue Suite 300","Morristown","NJ","7960",40.7886995434,-74.4714061208
"Cintas Corporation","6800 Cintas Boulevard PO Box 625737","Cincinnati","OH","45262-5737",39.1429980923,-84.5035814593
"Cirrus Logic, Inc.","2901 Via Fortuna","Austin","TX","78746",30.2966946248,-97.8116245224
"Cisco Systems, Inc.","170 West Tasman Drive","San Jose","CA","95134-1706",37.408761106,-121.9517855116
"Citi Trends, Inc.","104 Coleman Boulevard","Savannah","GA","31408",32.1098334931,-81.2254658324
"Citizens & Northern Corp","90-92 Main Street","Wellsboro","PA","16901",41.746944034,-77.3027791103
"Citizens Community Bancorp, Inc.","2174 Eastridge Center","Eau Claire","WI","54701",44.7439545617,-91.5049781241
"Citizens First Corporation","1065 Ashley Street","Bowling Green","KY","42103",36.967227302,-86.4294786874
"Citizens Holding Company","521 Main Street PO Box 209","Philadelphia","MS","39350",32.7710401703,-89.1096010805
"Citizens Republic Bancorp, Inc.","328 South Saginaw Street","Flint","ML","48502",43.0142764909,-83.6886606018
"Citizens South Banking Corporation","519 South New Hope Road PO Box 2249","Gastonia","NC","28054-4040",35.2572333532,-81.1495742161
"Citrix Systems, Inc.","851 West Cypress Creek Road","Fort Lauderdale","FL","33309",26.2033939383,-80.1554366966
"City Holding Company","25 Gatewater Road","Charleston","WV","25313",38.4166610714,-81.7938682628
"Clayton Williams Energy, Inc.","6 Desta Drive Suite 3000","Midland","TX","79705-5510",32.0287680392,-102.0868127969
"Clean Diesel Technologies, Inc.","4567 Telephone Road Suite 206","Ventura","CA","93003",34.2630309748,-119.2292337174
"Clean Energy Fuels Corp.","3020 Old Ranch Parkway Suite 400","Seal Beach","CA","90740",33.7760935793,-118.0738059597
"Clearfield, Inc.","5480 Nathan Lane Suite 120","Plymouth","MN","55442",45.0523973585,-93.4056260177
"ClearOne Communications Inc.","5225 Wiley Post Way Suite 500","Salt Lake City","UT","84116",40.7736866609,-112.0151660761
"Clearwire Corporation","4400 Carillon Point","Kirkland","WA","98033",47.6774464774,-122.1886345692
"Cleveland BioLabs, Inc.","73 High Street","Buffalo","NY","14203",42.9002474197,-78.8663195825
"Clifton Savings Bancorp, Inc.","1433 Van Houten Avenue","Clifton","NJ","7015",40.8741572679,-74.1762680739
"CME Group Inc.","20 South Wacker Drive","Chicago","IL","60606-7499",41.881657914,-87.6368491155
"CMS Bancorp, Inc.","123 Main Street Suite 750","White Plains","NY","10601",41.0321560805,-73.7703665533
"CNB Financial Corporation","1 South Second Street PO Box 42","Clearfield","PA","16830",41.0215095394,-78.4381624381
"Cobra Electronics Corporation","6500 West Cortland Street ","Chicago","IL","60707",41.9146564213,-87.7876778502
"Coca-Cola Bottling Co. Consolidated","4100 Coca-Cola Plaza","Charlotte","NC","28211",35.1565383031,-80.8343640808
"Codexis, Inc.","200 Penobscot Drive","Redwood City","CA","94063",37.4990101774,-122.2173908931
"Codorus Valley Bancorp, Inc","105 Leader Heights Road PO Box 2887","York","PA","17405",39.9649565393,-76.7314405035
"Coffee Holding Co., Inc.","3475 Victory Boulevard","Staten Island","NY","10314",40.6025150491,-74.1747411707
"Cogent Communications Group, Inc.","1015 31st Street NW","Washington","DC","20007",38.9027851834,-77.0610432308
"Cognex Corporation","One Vision Drive","Natick","MA","01760-2059",42.3005537129,-71.3549460998
"Cognizant Technology Solutions Corporation","500 Frank West Burr Boulevard Glenpointe Centre West","Teaneck","NJ","7666",40.8903598544,-74.0104876361
"Coherent, Inc.","5100 Patrick Henry Drive","Santa Clara","CA","95054",37.4045399594,-121.9843463835
"Cohu, Inc.","12367 Crosthwaite Circle","Poway","CA","92064-6817",32.9432140257,-117.0383498943
"Coinstar, Inc.","1800 114th Avenue SouthEast","Bellevue","WA","98004",47.5970807226,-122.1896037602
"Coldwater Creek, Inc.","One Coldwater Creek Drive","Sandpoint","ID","83864",48.3879224537,-116.4733106631
"Coleman Cable, Inc.","1530 Shields Drive","Waukegan","IL","60085",42.3313538137,-87.8895122519
"Collectors Universe, Inc.","1921 E Alton Avenue","Santa Ana","CA","92705",33.756082355,-117.8153302851
"Colonial Financial Services, Inc.","2745 South Delsea Drive","Vineland","NJ","8360",39.4474185381,-75.0420055921
"Colony Bankcorp, Inc.","115 South Grant Street","Fitzgerald","GA","31750",31.713680181,-83.2529866599
"Columbia Banking System, Inc.","1301 A Street","Tacoma","WA","98401-2156",47.2514497055,-122.4367754948
"Columbia Laboratories, Inc.","354 Eisenhower Parkway Plaza One Second Floor","Livingston","NJ","7039",40.8071226172,-74.3392723012
"Columbia Sportswear Company","14375 North West Science Park Drive","Portland","OR","97229-5418",45.527674441,-122.826017298
"Columbus McKinnon Corporation","140 John James Audubon Parkway","Amherst","NY","14228-1197",43.0191919543,-78.7828032113
"CombiMatrix Corporation","310 Goddard Suite 150","Irvine","CA","92618",33.6720443368,-117.7309185739
"Comcast Corporation","1701 John F. Kennedy Boulevard One Comcast Center","Philadelphia","PA","19103",39.9528249846,-75.1739308188
"Comcast Corporation","1701 John F. Kennedy Boulevard One Comcast Center","Philadelphia","PA","19103",39.9528249846,-75.1739308188
"Commerce Bancshares, Inc.","1000 Walnut Kansas City","Kansas City","MO","64106",39.1052418594,-94.5700710165
"COMMERCEFIRST BANCORP INC","1804 West Street Suite 200","Annapolis","MD","21401",38.9799979484,-76.5220292387
"Commercial National Financial Corporation","900 Ligonier Street","Latrobe","PA","15650",40.3159452634,-79.3838781162
"Commercial Vehicle Group, Inc.","7800 Walton Parkway","New Albany","OH","43054",40.0808560652,-82.8028880481
"Communications Systems, Inc.","10900 Red Circle Drive","Minnetonka","MN","55343",44.8940742359,-93.4183199204
"Community Bank Shares of Indiana, Inc.","101 West Spring Street","New Albany","IN","47150",38.2856093408,-85.8240629976
"Community Financial Corp.","38 North Central Avenue","Staunton","VA","24401",38.1497885925,-79.0738321138
"Community Partners Bancorp","1250 Highway 35 South","Middletown","NJ","7748",40.3984945067,-74.1141437846
"Community Trust Bancorp, Inc.","346 North Mayo Trail","Pikeville","KY","41501",37.486280696,-82.5428984651
"Community West Bancshares","445 Pine Avenue","Goleta","CA","93117",34.4332570283,-119.8267307205
"CommVault Systems, Inc.","2 Crescent Place PO Box 900","Oceanport","NJ","07757-0900",40.3051437691,-74.0196811165
"Complete Genomics, Inc.","2071 Stierlin Court","Mountain View","CA","94043",37.4233099002,-122.0759432356
"Compressco Partners, L.P.","101 Park Avenue Suite 1200","Oklahoma City","OK","73102",35.4688523323,-97.5144408153
"CompuCredit Holdings Corporation","Five Concourse Parkway Suite 400","Atlanta","GA","30328",33.9165625379,-84.3509800782
"Computer Programs and Systems, Inc.","6600 Wall Street","Mobile","AL","36695",30.6709913748,-88.1964315601
"Computer Task Group, Incorporated","800 Delaware Avenue","Buffalo","NY","14209",42.9059977024,-78.8720023335
"Compuware Corporation","One Campus Martius","Detroit","ML","48226-5099",42.3302523913,-83.0510335367
"comScore, Inc.","11950 Democracy Drive Suite 600","Reston","VA","20190",38.9577335766,-77.3577865069
"Comstock Homebuilding Companies, Inc.","11465 Sunset Hills Road 11465 Sunset Hills Road","Reston","VA","20190",38.9516799767,-77.3420908595
"Comverge, Inc.","5390 Triangle Parkway Suite 300","Norcross","GA","30092",33.9746245778,-84.2234435357
"Comverse Technology, Inc.","810 Seventh Avenue","New York","NY","10019",40.7626814018,-73.9822155724
"Conceptus, Inc.","331 East Evelyn Avenue","Mountain View","CA","94041",37.3888578994,-122.0628333023
"Concur Technologies, Inc.","18400 NE Union Hill Road","Redmond","WA","98052",47.6764429872,-122.0951581117
"Concurrent Computer Corporation","4375 River Green Parkway Suite 100","Duluth","GA","30096",34.0160562438,-84.1735175877
"CONMED Corporation","525 French Road","Utica","NY","13502",43.0881883992,-75.2797075024
"Conn's, Inc.","3295 College Street","Beaumont","TX","77701",30.0683230846,-94.1235568071
"Connecticut Water Service, Inc.","93 West Main Street","Clinton","CT","06413-1600",41.2783374203,-72.5368377929
"Consolidated Communications Holdings, Inc.","121 South 17th Street","Mattoon","IL","61938-3987",39.4817419123,-88.3752624786
"Consolidated Water Co. Ltd.","Regatta Office Park Windward Three 4th Floor","Grand Cayman","KY","1-1102",37.595691178,-85.4094162174
"Constant Contact, Inc.","Reservoir Place 1601 Trapelo Road","Waltham","MA","2451",42.3993312613,-71.2568517719
"Consumer Portfolio Services, Inc.","19500 Jamboree Road","Irvine","CA","92612",33.6416377983,-117.8105995658
"Convio, Inc.","11501 Domain Drive Suite 200","Austin","TX","78758",30.3874653704,-97.7054414451
"Copano Energy, L.L.C.","2727 Allen Parkway Suite 1200","Houston","TX","77019",29.7611909248,-95.3950809456
"Copart, Inc.","4665 Business Center Drive","Fairfield","CA","94534",38.2445093035,-122.1302967426
"Corcept Therapeutics Incorporated","149 Commonwealth Drive","Menlo Park","CA","94025",37.4805081245,-122.1740700595
"Core-Mark Holding Company, Inc.","395 Oyster Point Boulevard Suite 415","South San Francisco","CA","94080",37.6629441863,-122.3855094144
"Corinthian Colleges, Inc.","6 Hutton Centre Drive Suite 400","Santa Ana","CA","92707",33.6988239454,-117.8657007714
"Cornerstone OnDemand, Inc.","1601 Cloverfield Boulevard Suite 620 South","Santa Monica","CA","90404",34.0281305606,-118.4725590675
"Cornerstone Therapeutics Inc.","1255 Crescent Green Drive Suite 250","Cary","NC","27518",35.7342238465,-78.7853786096
"CorVel Corp.","2010 Main Street Suite 600","Irvine","CA","92614",33.6855635289,-117.8557512621
"Cosi, Inc.","1751 Lake Cook Road","Deerfield","IL","60015",42.1528491105,-87.8703514769
"Cost Plus, Inc.","200 4th Street","Oakland","CA","94607",37.7952007197,-122.2695406327
"CoStar Group, Inc.","1331 L Street NW","Washington","MD","20005",38.9047121664,-77.0316871079
"Costco Wholesale Corporation","999 Lake Drive ","Issaquah","WA","98027",47.5460454353,-122.0497632304
"Courier Corporation","15 Wellman Avenue","North Chelmsford","MA","1863",42.6458176726,-71.3799603933
"Covenant Transportation Group, Inc.","400 Birmingham Highway","Chattanooga","TN","37419",35.0111050316,-85.3888101218
"Cowen Group, Inc.","599 Lexington Avenue","New York","NY","10022",40.7578294315,-73.9712802623
"CRA International,Inc.","200 Clarendon Street T-33 John Hancock Tower","Boston","MA","02116-5092",42.3501691173,-71.0750524997
"Cracker Barrel Old Country Store, Inc.","305 Hartmann Drive","Lebanon","TN","37087",36.2255350723,-86.3188867605
"Craft Brewers Alliance, Inc","929 North Russell Street","Portland","OR","97227",45.541014308,-122.6762264926
"Cray Inc","901 Fifth Avenue Suite 1000","Suite 1000","WA","98164",47.6059615223,-122.3320293247
"Credit Acceptance Corporation","25505 West Twelve Mile Road Suite 3000","Southfield","ML","48034-8339",42.4749751702,-83.2890067217
"Credo Petroleum Corporation","1801 Broadway Suite 900","Denver","CO","80202-3837",39.7449576297,-104.9876876348
"Cree, Inc.","4600 Silicon Drive","Durham","NC","27703",35.9023393654,-78.8399329498
"Crescent Financial Bancshares, Inc.","1005 High House Road","Cary","NC","27513",35.8025869246,-78.8005299274
"Crimson Exploration Inc.","717 Texas Avenue Suite 2900","Houston","TX","77002",29.761516508,-95.3649371153
"Crocs, Inc.","6328 Monarch Park Place","Niwot","CO","80503",40.0895042107,-105.1782898784
"Cross (A.T.) Company","One Albion Road","Lincoln","RI","2865",41.9488315767,-71.4649568776
"Cross Country Healthcare, Inc.","6551 Park Of Commerce Boulevard NW","Boca Raton","FL","33487-8247",26.4021544044,-80.0969497291
"Crossroads Systems, Inc.","11000 North Mo-Pac Expressway","Austin","TX","78759",30.4007183633,-97.7566251124
"Crosstex Energy, Inc.","2501 Cedar Springs Suite 100","Dallas","TX","75201",32.7879863286,-96.8004858136
"Crosstex Energy, L.P.","2501 Cedar Springs Suite 100","Dallas","TX","75201",32.7879863286,-96.8004858136
"Crown Crafts, Inc.","916 South Burnside Avenue","Gonzales","LA","70737",30.2258002659,-90.9205845407
"Crown Media Holdings, Inc.","12700 Ventura Boulevard Suite 200","Studio City","CA","91604",34.144538089,-118.4094831576
"Crumbs Bake Shop, Inc.","110 West 40th Street Suite 2100","New York","NY","10018",40.753700155,-73.9856244224
"CSG Systems International, Inc.","9555 Maroon Circle","Englewood","CO","80112",39.5742437575,-104.8602494305
"CSP Inc.","43 Manning Road","Billerica","MA","01821-3901",42.5279788663,-71.2651012127
"CTI Industries Corporation","22160 North Pepper Road","Lake Barrington","IL","60010",42.1491495708,-88.1645275041
"Cubist Pharmaceuticals, Inc.","65 Hayden Avenue","Lexington","MA","2421",42.4226475638,-71.243220287
"Cumberland Pharmaceuticals Inc.","2525 West End Avenue Suite 950","Nashville","TN","37203",36.1467264061,-86.8086708251
"Cumulus Media Inc.","3280 Peachtree Road NW Suite 2300","Atlanta","GA","30305",33.844792238,-84.3698291659
"Curis, Inc.","4 Maguire Road","Lexington","MA","2421",42.470627595,-71.2587955378
"Cutera, Inc.","3240 Bayshore Boulevard","Brisbane","CA","94005",37.6936777898,-122.4051987968
"CVB Financial Corporation","701 North Haven Avenue Suite 350","Ontario","CA","91764",34.0718936926,-117.5758722663
"CVD Equipment Corporation","1860 Smithtown Avenue","Ronkonkoma","NY","11779",40.8063727405,-73.1107959632
"Cyanotech Corporation","73-4460 Queen Kaahumanu Highway Suite 102","Kailua-Kona","HL","96740",19.7275495139,-155.8723421788
"CyberDefender Corporation","617 West 7th Street Suite 1000","Los Angeles","CA","90017",34.0479843544,-118.2571586157
"Cyberonics, Inc.","Cyberonics Building 100 Cyberonics Boulevard","Houston","TX","Houston",29.7981487296,-95.3691189475
"CyberOptics Corporation","5900 Golden Hills Drive","Minneapolis","MN","55416",44.9729552138,-93.355611466
"Cybex International, Inc.","10 Trotter Drive","Medway","MA","2053",42.1403961925,-71.4717091437
"Cyclacel Pharmaceuticals, Inc.","200 Connell Drive Suite 1500"," Berkeley Heights","NJ","7922",40.6752928646,-74.4278617491
"Cyclacel Pharmaceuticals, Inc.","200 Connell Drive Suite 1500"," Berkeley Heights","NJ","7922",40.6752928646,-74.4278617491
"Cymer, Inc.","17075 Thornmint Court","San Diego","CA","92127",33.0184005066,-117.0994575639
"Cynosure, Inc.","5 Carlisle Road","Westford","MA","1886",42.565677243,-71.4234908736
"Cypress Semiconductor Corporation","198 Champion Court","San Jose","CA","95134",37.410437773,-121.9519525563
"Cytokinetics, Incorporated","280 East Grand Avenue ","South San Francisco","CA","94080",37.6525310816,-122.3939409208
"Cytori Therapeutics Inc","3020 Callan Road","San Diego","CA","92121",32.9050062943,-117.239736372
"CytRx Corporation","11726 San Vicente Boulevard Suite 650","Los Angeles","CA","90049",34.0530322836,-118.4664110614
"Daegis Inc","1420 Rocky Ridge Drive Suite 380","Roseville","CA","95661",38.733586034,-121.2536528569
"Daily Journal Corp. (S.C.)","915 East First Street","Los Angeles","CA","90012",34.0486036513,-118.2333890259
"Daktronics, Inc.","201 Daktronics Drive PO Box 5128","Brookings","SD","57006-5128",44.3107607161,-96.7958202857
"DARA Biosciences, Inc.","8601 Six Forks Road Suite 160","Raleigh","NC","27615-2695",35.8978129504,-78.6363572951
"Data I/O Corporation","6464 185th Avenue NE Suite 101 ","Redmond","WA","98052",47.6636240389,-122.0939417674
"Datalink Corporation","8170 Upland Circle","Chanhassen","MN","55317-8589",44.8551611418,-93.5570134842
"Dataram Corporation","Route 571 PO Box 7258","Princeton","NJ","08543-7528",40.1227298467,-74.7034613854
"Datawatch Corporation","271 Mill Road Quorum Office Park","Chelmsford","MA","1824",42.5909892368,-71.3554695089
"Dawson Geophysical Company","508 West Wall Suite 800","Midland","TX","79701",31.9917751116,-102.0784704991
"DayStar Technologies, Inc.","1010 South Milpitas Boulevard","Milpitas","CA","95035",37.4195370513,-121.8899344562
"DDi Corp.","1220 North Simon Circle","Anaheim","CA","92806",33.8541164474,-117.8614674607
"DealerTrack Holdings, Inc.","1111 Marcus Avenue Suite M04","Lake Success,","NY","11042",40.7558363645,-73.6885575622
"Deckers Outdoor Corporation","495-A South Fairview Avenue","Goleta","CA","93117",34.4262648792,-119.8305976114
"Delcath Systems, Inc.","810 Seventh Avenue Suite 3505","New York","NY","10019",40.7626814018,-73.9822155724
"dELIA*s Inc.","50 West 23rd Street 10th Floor","New York","NY","10010",40.7421394481,-73.9912208059
"Dell Inc.","One Dell Way","Round Rock","TX","78682",30.5224222076,-97.6668168552
"Delta Natural Gas Company, Inc.","3617 Lexington Road","Winchester","KY","40391",38.0155830077,-84.2373213977
"Delta Petroleum Corporation","370 17th Street Suite 4300","Denver","CO","80202",39.743817067,-104.988133306
"Deltek, Inc.","2291 Wood Oak Drive","Herndon","VA","20171",38.9529124265,-77.3998786821
"DemandTec, Inc.","One Franklin Parkway Building 910","San Mateo","CA","94403",37.5382709208,-122.3051481122
"Dendreon Corporation","3005 First Avenue","Seattle","WA","98121",47.6176340747,-122.3539045633
"Denny's Corporation","203 East Main Street","Spartanburg","SC","29319-0001",34.9502374963,-81.928261291
"DENTSPLY International Inc.","Susquehanna Commerce Center 221 West Philadelphia Street PO Box 872","York","PA","17405-0872",39.9649565393,-76.7314405035
"DepoMed, Inc.","1360 O'Brien Drive","Menlo Park","CA","94025",37.4761931004,-122.1461658598
"Derma Sciences, Inc.","214 Carnegie Center Suite 300","Princeton","NJ","8540",40.3179828442,-74.6459213036
"Destination Maternity Corporation","456 North 5th Street","Philadelphia","PA","19123",39.9602946396,-75.1468799718
"DexCom, Inc.","6340 Sequence Drive","San Diego","CA","92121",32.9079060479,-117.185079185
"DFC Global Corp","1436 Lancaster Avenue Suite 300","Berwyn","PA","19312",40.042644144,-75.4590267745
"Diamond Foods, Inc.","600 Montgomery Street 13th Floor","San Francisco","CA","94111-2702",37.794688175,-122.4030515764
"Diamond Hill Financial Trends Fund, Inc.","325 John H McConnell Boulevard Suite 200","Columbus","OH","43215",39.9660773154,-83.0132338628
"Diamond Hill Investment Group, Inc.","325 John H McConnell Boulevard Suite 200","Columbus","OH","43215",39.9660773154,-83.0132338628
"Digi International Inc.","11001 Bren Road East","Minnetonka","MN","55343",44.8973369932,-93.4142632565
"Digimarc Corporation","9405 SW Gemini Drive","Beaverton","OR","97008",45.4536556396,-122.7928937917
"Digirad Corporation","13950 Stowe Drive","Poway","CA","92064-8803",32.9382595882,-117.0289575219
"Digital Ally, Inc.","8000 West 110th Street Suite 200","Overland Park","KS","66210",38.9291546734,-94.6806246845
"Digital Generation, Inc.","750 West John Carpenter Freeway Suite 700","Irving","TX","75039",32.8859739089,-96.9556373454
"Digital River, Inc.","9625 West 76th Street","Eden Prairie","MN","55344",44.8659517444,-93.4047736133
"Dime Community Bancshares, Inc.","209 Havemeyer Street","Brooklyn","NY","11211",40.710117488,-73.9585836979
"Diodes Incorporated","15660 North Dallas Parkway Suite 850","Dallas","TX","75248",32.9702800004,-96.7951327243
"DIRECTV","2230 East Imperial Highway","El Segundo","CA","90245",33.9307959518,-118.3844412101
"Discovery Communications, Inc","One Discovery Place","Silver Spring","MD","20910",39.0023468364,-77.0364364521
"Discovery Communications, Inc","One Discovery Place","Silver Spring","MD","20910",39.0023468364,-77.0364364521
"Discovery Communications, Inc","One Discovery Place","Silver Spring","MD","20910",39.0023468364,-77.0364364521
"Discovery Laboratories, Inc.","2600 Kelly Road Suite 100","Warrington","PA","18976-3622",40.2466776515,-75.1464357782
"DISH Network Corporation","9601 South Meridian Boulevard","Englewood","CO","80112",39.5405249376,-104.8652441544
"Ditech Networks, Inc.","825 East Middlefield Road","Mountain View","CA","94043",37.390135515,-122.0480408124
"Dnb Financial Corp","4 Brandywine Avenue","Downingtown","PA","19335",40.0066214553,-75.7033069505
"Dollar Tree, Inc.","500 Volvo Parkway","Chesapeake","VA","23320",36.7669793964,-76.2432451137
"Donegal Group, Inc.","1195 River Road PO Box 302","Marietta","PA","17547",40.0627760926,-76.542906637
"Donegal Group, Inc.","1195 River Road PO Box 302","Marietta","PA","17547",40.0627760926,-76.542906637
"Dorchester Minerals, L.P.","3838 Oak Lawn Avenue Suite 300","Dallas","TX","75219",32.8152623991,-96.8023046441
"Dorman Products, Inc.","3400 East Walnut Street","Colmar","PA","18915",40.272939828,-75.2484684568
"Dot Hill Systems Corporation","1351 South Sunset Street Suite 100","Longmont","CO","80501-6533",40.1446378736,-105.121581567
"Double Eagle Petroleum Company","1675 Broadway Suite 2200","Denver","CO","80202",39.7430283499,-104.9874771199
"Dover Saddlery, Inc.","525 Great Road PO Box 1100","Littleton","MA","1460",42.555163237,-71.4846618417
"Dreamworks Animation SKG, Inc.","Campanile Building 1000 Flower Street","Glendale","CA","91201",34.170283535,-118.2890355864
"DRI Corporation","13760 Noel Road Suite 830","Dallas","TX","75240",32.9346397606,-96.8179652848
"DSP Group, Inc.","2580 North First Street Suite 460","San Jose","CA","95131",37.3851026119,-121.9269680231
"DTS, Inc.","5220 Las Virgenes Road","Calabasas","CA","91302",34.150975643,-118.6967949505
"Duckwall-Alco Stores, Inc.","401 Cottage Street","Abilene","KS","67410-2832",38.9165942287,-97.2067534432
"Dunkin' Brands Group, Inc.","130 Royall Street","Canton","MA","2021",42.2080487212,-71.1220327009
"Durect Corporation","2 Results Way","Cupertino","CA","95014",37.3162521727,-122.0503617913
"DUSA Pharmaceuticals, Inc.","25 Upton Drive","Wilmington","MA","1887",42.5927854821,-71.1501888269
"DXP Enterprises, Inc.","7272 Pinemont","Houston","TX","77040",29.8414529489,-95.5009969231
"Dyax Corp.","300 Technology Square","Cambridge","MA","2139",42.3633498054,-71.1037450075
"Dynacq Healthcare, Inc.","4301 Vista Road","Pasadena","TX","77504",29.6587055523,-95.177993639
"Dynamic Materials Corporation","5405 Spine Road","Boulder","CO","80301",40.0728647829,-105.202257481
"Dynamics Research Corporation","Two Tech Drive","Andover","MA","01810-2434",42.6876737746,-71.2112325239
"Dynasil Corporation of America","50 Hunt Street","Watertown","MA","2472",42.360717936,-71.1843420151
"Dynatronics Corporation","7030 Park Centre Drive","Salt Lake City","UT","84121",40.6238186747,-111.8514429897
"Dynavax Technologies Corporation","2929 Seventh Street Suite 100","Berkeley","CA","94710-2753",37.8520445991,-122.2914110267
"DynaVox Inc.","2100 Wharton Street Suite 400","Pittsburgh","PA","15203",40.4302096159,-79.9760282817
"E*TRADE Financial Corporation","1271 Avenue of the Americas 14th Floor","New York","NY","10020-1302",40.7603637102,-73.9802002132
"Eagle Bancorp Montana, Inc.","1400 Prospect Avenue","Helena","MT","59601",46.5911990034,-112.0148545625
"Eagle Bancorp, Inc.","7815 Woodmont Avenue","Bethesda","MD","20814",38.9882685262,-77.0959870012
"Eagle Bulk Shipping Inc.","477 Madison Avenue Suite 1405","New York","NY","10022",40.7586336872,-73.974916608
"Eagle Rock Energy Partners, L.P.","1415 Louisiana Street Suite 2700","Houston","TX","77002",29.7553672347,-95.3698946095
"EarthLink, Inc.","1375 Peachtree Street","Atlanta","GA","30309",33.7922912276,-84.3860505078
"Earthstone Energy, Inc.","633 Seventeenth Street Suite 1645","Denver","CO","80202-3625",39.7457378759,-104.9903253267
"East West Bancorp, Inc.","135 North Los Robles Avenue 7th Floor","Pasadena","CA","91101",34.1482015104,-118.141553641
"Eastern Insurance Holdings, Inc.","25 Race Avenue","Lancaster","PA","17603",40.0388111037,-76.3260578202
"Eastern Virginia Bankshares, Inc.","330 Hospital Road","Tappahannock","VA","22560",37.913991801,-76.9615891507
"EasyLink Services International Corporation","6025 The Corners Parkway Suite 100","Norcross","GA","30092",33.9516677159,-84.2392120259
"eBay Inc.","2145 Hamilton Avenue","San Jose","CA","95125",37.2945026175,-121.8921198096
"Ebix Inc","5 Concourse Parkway Suite 3200","Atlanta","GA","30328",33.9165625379,-84.3509800782
"ECB Bancorp Inc","35050 US 264 PO Box 337","Engelhard","NC","27824",35.4609710929,-76.0607994934
"Echelon Corporation","550 Meridian Avenue","San Jose","CA","95126",37.3165817027,-121.9142784965
"Echo Global Logistics, Inc.","600 West Chicago Avenue Suite 725","Chicago","IL","60654",41.8965649189,-87.6430112388
"Echo Therapeutics, Inc.","8 Penn Center 1628 JFK Boulevard","Philadelphia","PA","19103",39.9528249846,-75.1739308188
"EchoStar Corporation","100 Inverness Terrace East","Englewood","CO","80112",39.5768224334,-104.86541884
"Ecology and Environment, Inc.","368 Pleasant View Drive","Lancaster","NY","14086",42.9326847191,-78.6607918268
"Ecotality, Inc.","Four Embarcadero Center Suite 3720","San Francisco","CA","94111",37.7983212082,-122.399573913
"Edac Technologies Corporation","1806 New Britain Avenue","Farmington","CT","6032",41.7034743129,-72.8608560006
"Edelman Financial Group Inc. (The)","5800 JP Morgan Chase Tower 600 Travis","Houston","TX","77002",29.7567602663,-95.3652226367
"EDGAR Online, Inc.","11200 Rockville Pike Suite 310","Rockville","MD","20852",39.0514060797,-77.1259247557
"Edgewater Technology, Inc.","20 Harvard Mill Square","Wakefield","MA","1880",42.5033958943,-71.0657035176
"Education Management Corporation","210 Sixth Avenue 33rd Floor","Pittsburgh","PA","15222",40.4422377873,-80.0001753178
"Educational Development Corporation","10302 East 55th Place","Tulsa","OK","74146-6515",36.0835175914,-95.8617316954
"eGain Communications Corporation","345 East Middlefield Road","Mountain View","CA","94043",37.3967990842,-122.0583654694
"eHealth, Inc.","440 East Middlefield Road","Mountain View","CA","94043",37.3963314975,-122.055589975
"Einstein Noah Restaurant Group, Inc.","555 Zang Street Lakewood","Lakewood","CO","80228",39.7240891203,-105.1425043996
"Elecsys Corporation","846 North Mart-Way Court","Olathe","KS","66061",38.8957741206,-94.8879209514
"Electro Rent Corporation","6060 Sepulveda Boulevard","Van Nuys","CA","91411-2512",34.1801492096,-118.4653182172
"Electro Scientific Industries, Inc.","13900 NW Science Park Drive","Portland","OR","97229-5497",45.525685869,-122.8207533813
"Electro-Sensors, Inc.","6111 Blue Circle Drive","Minnetonka","MN","55343-9108",44.8919413432,-93.4054609744
"Electronics for Imaging, Inc.","303 Velocity Way","Foster City","CA","94404",37.5677800085,-122.2779737125
"Elizabeth Arden, Inc.","2400 SW 145th Avenue 2nd Floor","Miramar","FL","33027",25.9869013989,-80.3388363336
"EMC Insurance Group, Inc.","717 Mulberry Street","Des Moines","IA","50309",41.5847637575,-93.6257256208
"Emclaire Financial Corp","612 Main Street","Emlenton","PA","16373-0046",41.1772466228,-79.7110242018
"EMCORE Corporation","10420 Research Road SE","Albuquerque","NM","87123",35.0553006658,-106.5297485629
"Emmis Communications Corporation","40 Monument Circle One Emmis Plaza","Indianapolis","IN","46204",39.7680021859,-86.1585289069
"Emmis Communications Corporation","40 Monument Circle One Emmis Plaza","Indianapolis","IN","46204",39.7680021859,-86.1585289069
"Empire Resorts, Inc.","204 Route 17B","Monticello","NY","12701",41.6673394382,-74.7718161485
"Encore Bancshares, Inc.","Nine Greenway Plaza Suite 1000","Houston","TX","77046",29.7324810168,-95.4313794722
"Encore Capital Group Inc","8875 Aero Drive Suite 200","San Diego","CA","92123",32.8096522359,-117.1379676059
"Encore Wire Corporation","1329 Millwood Road","Mckinney","TX","75069",33.1833301624,-96.6045038456
"Endo Pharmaceuticals Holdings Inc.","100 Endo Boulevard","Chadds Ford","PA","19317",39.8564877221,-75.6022431683
"Endocyte, Inc.","3000 Kent Avenue Suite A1-100","West Lafayette","IN","47906",40.4606882556,-86.9303941702
"Endologix  Inc","11 Studebaker","Irvine","CA","92618",33.6503406141,-117.7152497496
"Energy Conversion Devices, Inc.","3800 Lapeer Road","Auburn Hills","MI","48326",42.6969220293,-83.2419724744
"Energy Recovery, Inc.","1717 Doolittle Drive","San Leandro","CA","94577",37.7093215432,-122.1831661915
"EnerNOC, Inc.","101 Federal Street Suite 1100","Boston","MA","2110",42.3546493055,-71.0563884576
"ENGlobal Corporation","654 North Sam Houston Parkway East Suite 400","Houston","TX","77060-5914",29.9382807869,-95.3891516853
"Entegris, Inc.","129 Concord Road","Billerica","MA","1821",42.5490728813,-71.2750740712
"EnteroMedics Inc.","2800 Patton Road","St Paul","MN","55113",45.0230055655,-93.2064677113
"Enterprise Bancorp Inc","222 Merrimack Street","Lowell","MA","1852",42.645709729,-71.311613029
"Enterprise Financial Services Corporation","150 North Meramec Avenue Suite 300","St Louis","MO","63105",38.6527663771,-90.3392225978
"EntreMed, Inc.","9640 Medical Center Drive","Rockville","MD","20850",39.101850897,-77.1955509904
"Entropic Communications, Inc.","6290 Sequence Drive","San Diego","CA","92121",32.9062643987,-117.1854659056
"Enzon Pharmaceuticals, Inc.","20 Kingsbridge Road","Piscataway","NJ","8854",40.5441033676,-74.4993558352
"eOn Communications Corporation","1703 Sawyer Road","Corinth","MS","38829",34.91865059,-88.530005055
"EPIQ Systems, Inc.","501 Kansas Avenue","Kansas City","KS","66105-1309",39.0875530011,-94.6213794453
"ePlus Inc.","13595 Dulles Technology Drive","Herndon","VA","20171-3413",38.9539313129,-77.4120446838
"Epoch Holding Corporation","640 Fifth Avenue 18th floor","New York","NY","10019",40.7592388997,-73.9768015135
"Epocrates, Inc.","1100 Park Place Suite 300","San Mateo","CA","94403",37.5382709208,-122.3051481122
"Equinix, Inc.","One Lagoon Drive 4th Floor","Redwood City","CA","94065",37.526248986,-122.2628620556
"eResearch Technology Inc.","1818 Market Street Suite 1000","Philadelphia","PA","19103-3638",39.9531184375,-75.1703144753
"Erie Indemnity Company","100 Erie Insurance Place","Erie","PA","16530-1104",42.1166895616,-80.0731310144
"ESB Financial Corporation","600 Lawrence Avenue","Ellwood City","PA","16117",40.8585475422,-80.2905023668
"Escalade, Incorporated","817 Maxwell Avenue","Evansville","IN","47711",37.9937787894,-87.5516027787
"Escalon Medical Corp.","435 Devon Park Drive Building 100","Wayne","PA","19087",40.0748129905,-75.4126919364
"ESSA Bancorp, Inc.","200 Palmer Street PO Box L","Stroudsburg","PA","18360-0160",40.9738543524,-75.2886607084
"Essex Rental Corporation","1110 West Lake Cook Road Suite 220","Buffalo Grove","IL","60089-1974",42.1537115591,-87.9819339143
"Euronet Worldwide, Inc.","3500 College Boulevard","Leawood","KS","66211",38.9276474856,-94.6258927295
"EV Energy Partners, L.P.","1001 Fannin Street Suite 800","Houston","TX","77002",29.7563701811,-95.3639833019
"Evolving Systems, Inc.","9777 Mount Pyramid Court Suite 100","Englewood","C O","80112",39.5742437575,-104.8602494305
"EXACT Sciences Corporation","441 Charmany Drive","Madison","WI","53719",43.0595458289,-89.4768082687
"Exactech, Inc.","2320 NW 66th Court","Gainesville","FL","32653",29.7152939694,-82.3541254907
"Exar Corporation","48720 Kato Road","Fremont","CA","94538",37.4610616146,-121.9224593831
"Exelixis, Inc.","210 East Grand Avenue"," South San Francisco","CA","94080",37.654344164,-122.3991499255
"Exide Technologies","13000 Deerfield Parkway Building 200","Milton","GA","30004",34.1024789404,-84.266060795
"ExlService Holdings, Inc.","280 Park Avenue 38th Floor","New York","NY","10017",40.7560019948,-73.9749544901
"Expeditors International of Washington, Inc.","1015 Third Avenue 12th Floor","Seattle","WA","98104",47.6056658757,-122.3341830118
"Exponent, Inc.","149 Commonwealth Drive","Menlo Park","CA","94025",37.4805081245,-122.1740700595
"Express Scripts, Inc.","One Express Way","St. Louis","MO","63121",38.7071823071,-90.3011284361
"Exterran Partners, L.P.","16666 Northchase Drive","Houston","TX","77060",29.942579127,-95.4030656052
"Extreme Networks, Inc.","3585 Monroe Street","Santa Clara","CA","95051",37.3666665474,-121.9962256193
"EZCORP, Inc.","1901 Capital Parkway","Austin","TX","78746",30.2601754077,-97.7981979548
"F5 Networks, Inc.","401 Elliott Avenue West","Seattle","WA","98119",47.622077272,-122.3627633465
"FairPoint Communications, Inc.","521 East Morehead Street Suite 500","Charlotte","NC","28202",35.2276284617,-80.844620568
"FalconStor Software, Inc.","2 Huntington Quadrangle Suite 2S01","Melville","NY","11747",40.7838825142,-73.4092545934
"Famous Dave's of America, Inc.","12701 Whitewater Drive Suite 200","Minnetonka","MN","55343",44.898625754,-93.4426013285
"Farmer Brothers Company","20333 South Normandie Avenue","Torrance","CA","90502",33.8460817442,-118.2992912328
"Farmers Capital Bank Corporation","202 West Main Street PO Box 309","Frankfort","KY","40601",38.1980096103,-84.8764722047
"Farmers National Banc Corp.","20 South Broad Street PO Box 555","Canfield","OH","44406-0555",41.0108973187,-80.7715847741
"FARO Technologies, Inc.","250 Technology Park","Lake Mary","FL","32746",28.7380973239,-81.3600684236
"Fastenal Company","2001 Theurer Blvd","Winona","MN","55987-1500",44.0621440704,-91.6836676106
"Fauquier Bankshares, Inc.","10 Courthouse Square","Warrenton","VA","20186",38.7081169977,-77.8441878093
"FBR & Co","1001 Nineteenth Street North","Arlington","VA","22209",38.8970295052,-77.0686252233
"Federal-Mogul Corporation","26555 Northwestern Highway","Southfield","MI","48033",42.4837262708,-83.2642529266
"FedFirst Financial Corporation","565 Donner Avenue","Monessen","PA","15062",40.1619670456,-79.8863267734
"FEI Company","5350 NE Dawson Creek Drive","Hillsboro","OR","97124-5793",45.5444127573,-122.9302739995
"Female Health Company (The)","515 North State Street Suite 2225","Chicago","IL","60654",41.8913477444,-87.6279685383
"FFD Financial Corporation","321 North Wooster Avenue","Dover","OH","44622",40.5226875027,-81.476718226
"FiberTower Corporation","185 Berry Street Suite 4800","San Francisco","CA","94107",37.775974977,-122.392971925
"Fidelity Bancorp, Inc.","1009 Perry Highway","Pittsburgh","PA","15237",40.5396665878,-80.0363370384
"Fidelity Southern Corporation","3490 Piedmont Road Suite 1550","Atlanta","GA","30305",33.8496104731,-84.3770471583
"Fidus Investment Corporation","1603 Orrington Avenue Suite 820","Evanston","IL","60201",42.0467037995,-87.6814185223
"Fifth Third Bancorp","38 Fountain Square Plaza Fifth Third Center","Cincinnati","OH","45263",39.1429980923,-84.5035814593
"Fifth Third Bancorp","38 Fountain Square Plaza Fifth Third Center","Cincinnati","OH","45263",39.1429980923,-84.5035814593
"Financial Engines, Inc.","1804 Embarcadero Road","Palo Alto","CA","94303",37.4511575892,-122.1170902198
"Financial Institutions, Inc.","220 Liberty Street","Warsaw","NY","14569-1465",42.7256251343,-78.1413415313
"Finisar Corporation","1389 Moffett Park Drive","Sunnyvale","CA","94089",37.4114118507,-122.0020201746
"First Advantage Bancorp","1430 Madison Street","Clarksville","TN","37040",36.5207051543,-87.3343740329
"First Bancorp","341 North Main Street","Troy","NC","27371-0508",35.3619529698,-79.8946215643
"First Bancorp, Inc (ME)","223 Main Street","Damariscotta","ME","4543",44.034258626,-69.4901455877
"First Bancshares, Inc.","142 East First Street","Mountain Grove","MO","65711",37.1290711728,-92.2636238704
"First Busey Corporation","100 West University Avenue","Champaign","IL","61820",40.1163940239,-88.2435276961
"First Business Financial Services, Inc.","401 Charmany Drive","Madison","WI","53719",43.059378167,-89.4778981591
"First California Financial Group, Inc.","3027 Townsgate Road Suite 300","Westlake Village","CA","91361",34.1412774952,-118.8921678204
"First Capital Bancorp, Inc. (VA)","4222 Cox Road Suite 200","Glen Allen","VA","23060",37.6521016719,-77.5815061008
"First Capital, Inc.","220 Federal Drive NW","Corydon","IN","47112",38.1920818139,-86.1424648281
"First Cash Financial Services, Inc.","690 East Lamar Boulevard Suite 400","Arlington","TX","76011",32.763807649,-97.1027246675
"First Citizens Banc Corp.","100 East Water Street PO Box 5016","Sandusky","OH","44870",41.4571361423,-82.7122858047
"First Citizens BancShares, Inc.","4300 Six Forks Road","Raleigh","NC","27608",35.8382604106,-78.6415595086
"First Clover Leaf Financial Corp.","300 St Louis Street","Edwardsville","IL","62025",38.8112675981,-89.9586327224
"First Community Bancshares, Inc.","One Community Place PO Box 989","Bluefield","VA","24605-0989",37.2279519567,-81.363756347
"First Community Corporation","5455 Sunset Boulevard","Lexington","SC","29072",33.9989810935,-81.2157896129
"First Connecticut Bancorp, Inc.","One Farm Glen Boulevard","Farmington","CT","6032",41.7315303359,-72.7987164379
"First Defiance Financial Corp.","601 Clinton Street","Defiance","OH","43512",41.2831645863,-84.3642397755
"First Federal Bancshares of Arkansas, Inc.","1401 Highway 62-65 North","Harrison","AR","72601",36.2392622554,-93.0897162682
"First Federal of Northern Michigan Bancorp, Inc.","100 South Second Avenue","Alpena","MI","49707",45.0615642787,-83.4343587414
"First Financial Bancorp.","4000 Smith Road","Cincinnati","OH","45209",39.1530519203,-84.4266586946
"First Financial Bankshares, Inc.","400 Pine Street PO Box 701","Abilene","TX","79601",32.4525573912,-99.7328476481
"First Financial Corporation Indiana","One First Financial Plaza PO Box 540","Terre Haute,","IN","47808-0540",39.8222552928,-86.3802600604
"First Financial Holdings, Inc.","2440 Mall Drive","Charleston","SC","29406",32.8770591265,-80.0141011789
"First Financial Northwest, Inc.","201 Wells Avenue South","Renton","WA","98057",47.4811984474,-122.2055110332
"First Financial Service Corporation","2323 Ring Road","Elizabethtown","KY","42701",37.7322397278,-85.8509801964
"First Interstate BancSystem, Inc.","401 North 31st Street","Billings","MT","59116-0918",45.7829168938,-108.511876535
"First M & F Corporation","134 West Washington Street","Kosciusko","MS","39090",33.0585781948,-89.5904202401
"First Merchants Corporation","200 East Jackson Street PO Box 792","Muncie","IN","47305-2814",40.1928929165,-85.385412493
"First Midwest Bancorp, Inc.","One Pierce Place Suite  1500 PO Box 459","Itasca","IL","60143-9768",41.9733708222,-88.0212176032
"First Niagara Financial Group Inc.","726 Exchange Street Suite 618","Buffalo","NY","14210",42.8748601372,-78.851037709
"First PacTrust Bancorp, Inc.","610 Bay Boulevard","Chula Vista","CA","91910",32.6251348513,-117.0950151388
"First Savings Financial Group, Inc.","501 East Lewis & Clark Parkway","Clarksville","IN","47129",38.3138264661,-85.768690722
"First Security Group, Inc.","531 Broad Street","Chattanooga","TN","37402",35.0505213479,-85.3107901591
"First Solar, Inc.","350 West Washington Street Suite 600","Tempe","AZ","85281",33.4407234669,-111.9543458309
"First South Bancorp Inc","1311 Carolina Avenue","Washington","NC","27889",35.557740422,-77.0599542286
"First United Corporation","19 South Second Street PO Box 9","Oakland","MD","21550-0009",39.4105890776,-79.4071443094
"Firstbank Corporation","311 Woodworth Avenue","Alma","MI","48801",43.3778082273,-84.6603260915
"FirstCity Financial Corporation","6400 Imperial Drive","Waco","TX","76712",31.5049811709,-97.1837787371
"FirstMerit Corporation","III Cascade Plaza 7th Floor","Akron","OH","44308-1103",41.0814292387,-81.5190826482
"Fiserv, Inc.","255 Fiserv Drive","Brookfield","WI","53045-5815",43.0356055058,-88.1401328612
"Fisher Communications, Inc.","140 4th Avenue North Suite 500","Seattle","WA","98109",47.6190468972,-122.3488080111
"Flexsteel Industries, Inc.","3400 Jackson Street","Dubuque","IA","52004-0877",42.5289649946,-90.6819673871
"FLIR Systems, Inc.","27700A SW Parkway Avenue","Wilsonville","OR","97070",45.3193504608,-122.766897871
"Flow International Corporation","23500-64th Avenue South","Kent","WA","98032",47.3915417191,-122.2588294374
"Fluidigm Corporation","7000 Shoreline Court Suite 100","South San Francisco","CA","94080",37.6529059716,-122.4225419758
"Flushing Financial Corporation","1979 Marcus Avenue Suite E140","Lake Success","NY","11042",40.7585092797,-73.6955796431
"FNB United Corp.","150 South Fayetteville Street PO Box 1328","Asheboro","NC","27203",35.7046417189,-79.8143408605
"Fonar Corporation","110 Marcus Drive","Melville","NY","11747",40.7611342356,-73.403260746
"Food Technology Service, Inc.","502 Prairie Mine Road","Mulberry","FL","33860",27.8095351248,-82.000675762
"Forbes Energy Services Ltd","3000 South Business Highway 281","Alice","TX","78332",27.7246952861,-98.1019424694
"FormFactor, Inc.","7005 SouthFront Road","Livermore","CA","94551",37.7124066445,-121.7140285278
"Forrester Research, Inc.","400 Technology Square ","Cambridge","MA","2139",42.3629792715,-71.0929996428
"Fortinet, Inc.","1090 Kifer Road","Sunnyvale","CA","94086",37.3737496584,-122.0009778428
"Forward Air Corporation","430 Airport Road","Greeneville","TN","37745",36.1935819123,-82.8050851983
"Forward Industries, Inc.","1801 Green Road Suite E","Pompano Beach","FL","33064",26.2911469217,-80.1479083368
"Fossil, Inc.","2280 North Greenville Avenue","Richardson","TX","75082",32.9801917032,-96.7048765352
"Fox Chase Bancorp, Inc.","4390 Davisville Road","Hatboro","PA","19040",40.1773195782,-75.1059291502
"Francesca's Holdings Corporation","3480 West 12th Street","Houston","TX","77008",29.7917103802,-95.4376075252
"Franklin Electric Co., Inc.","400 East Spring Street","Bluffton","IN","46714",40.7282120812,-85.1674880488
"Franklin Financial Corporation","4501 Cox Road","Glen Allen","VA","23060",37.6578252557,-77.5757644891
"Fred's, Inc.","4300 New Getwell Road","Memphis","TN","38118",35.0299061908,-89.9369325255
"FreightCar America, Inc.","Two North Riverside Plaza Suite 1250","Chicago","IL","60606",41.8818858258,-87.6389441753
"Frequency Electronics, Inc.","55 Charles Lindbergh Boulevard","Mitchel Field","NY","11553",40.7233062256,-73.6036412083
"FriendFinder Networks Inc.","6800 Broken Sound Parkway Suite 100","Boca Raton","FL","33487",26.4028147548,-80.1155154045
"Frozen Food Express Industries, Inc.","1145 Empire Central Place","Dallas","TX","75247-4309",32.823189964,-96.8746789829
