"Name","HQ Street Address","HQ City","HQ State","HQ Zip Code"
"1-800 FLOWERS.COM, Inc.","One Old Country Road, Suite 500","Carle Place","NY",11514
"1st Century Bancshares, Inc","1875 Century Park East, Suite 1400","Los Angeles","CA",90067
"1st Constitution Bancorp (NJ)","2650 Route 130 & Dey Road PO Box 634","Cranbury","NJ",8512
"1st Source Corporation","100 North Michigan Street","South Bend","IN",46601
"1st United Bancorp, Inc. (FL)","One North Federal Highway","Boca Raton","FL",33432
"21st Century Holding Company","3661 West Oakland Park Boulevard Suite 300","Lauderdale Lakes","FL ",33311
"21Vianet Group, Inc.","1 Jiuxianqiao East Road M5","Beijing",,100016
"3SBio Inc.","No 3 A1 Road 10 Shenyang Economy & Technology Development Zone","Shenyang",,110027
"51job, Inc.","1387 Zhang Dong Road Building 3 Pudong District","Shanghai",,201203
"8x8 Inc","810 West Maude Avenue","Sunnyvale","CA ",94085
"A. Schulman, Inc.","3550 West Market Street","Akron","OH",44333
"A123 Systems, Inc.","200 West Street","Waltham","MA ",2451
"AAON, Inc.","2425 South Yukon","Tulsa","OK ",74107
"Aastrom Biosciences, Inc.","Dominos Farms Lobby K 24 Frank Lloyd Wright Drive","Ann Arbor","MI ",48105
"ABAXIS, Inc.","3240 Whipple Road","Union City","CA ",94587
"ABIOMED, Inc.","22 Cherry Hill Drive","Danvers","MA ",1923
"Abraxas Petroleum Corporation","18803 Meisner Drive","San Antonio","TX",78258
"Acacia Research Corporation","500 Newport Center Drive 7th Floor","Newport Beach","CA ",92660
"Acadia Healthcare Company, Inc.","830 Crescent Centre Drive Suite 610","Franklin","TN ",37067
"ACADIA Pharmaceuticals Inc.","3911 Sorrento Valley Boulevard","San Diego","CA ",92121
"Accelrys, Inc.","10188 Telesis Court Suite 100","San Diego","CA",92121
"Access National Corporation","1800 Robert Fulton Drive Suite 300","Reston","VA ",20191
"Accuray Incorporated","1310 Chesapeake Terrace","Sunnyvale","CA ",94089
"AcelRx Pharmaceuticals, Inc.","575 Chesapeake Drive","Redwood City","CA",94063
"Aceto Corporation","4 Tri Harbor Court","Port Washington","NY",11050
"Achillion Pharmaceuticals, Inc.","300 George Street","New Haven","CT",6511
"ACI Worldwide, Inc.","120 Broadway Suite 3350","New York","NY",10271
"Acme Packet, Inc.","100 Crosby Drive","Bedford","MA",1730
"ACNB Corporation","16 Lincoln Square","Gettysburg","PA",17325
"Acorda Therapeutics, Inc.","15 Skyline Drive","Hawthorne","NY",10532
"Acorn Energy, Inc.","4 West Rockland Road PO Box 9","Montchanin","DE",19710
"Actions Semiconductor Co., Ltd.","15-1 No 1 HIT Road Tangjia","Zhuhai",,519085
"Active Power, Inc.","2128 West Braker Lane Bk12","Austin","TX",78758
"Activision Blizzard, Inc","3100 Ocean Park Boulevard","Santa Monica","CA",90405
"Actuate Corporation","2207 Bridgepointe Parkway Suite 500","San Mateo","CA",94404
"Acura Pharmaceuticals, Inc.","616 N North Court Suite 120","Palatine","IL",60067
"Acxiom Corporation","601 East Third Street","Little Rock","AR",72201
"ADA-ES, Inc.","8100 Southpark Way Unit B","Littleton,","CO",80120
"Adams Golf, Inc.","2801 East Plano Parkway","Plano","TX",75074
"Addus HomeCare Corporation","2401 South Plum Grove Road","Palatine","IL",60067
"ADDvantage Technologies Group, Inc.","1221 East Houston Street","Broken Arrow","OK ",74012
"Adept Technology, Inc.","5960 Inglewood Drive","Pleasanton","CA",94588
"Adobe Systems Incorporated","345 Park Avenue","San Jose","CA","95110-2704"
"ADTRAN, Inc.","901 Explorer Boulevard","Huntsville","AL","35806-2807"
"Advanced Analogic Technologies, Inc.","3230 Scott Boulevard","Santa Clara","CA",95054
"Advanced Energy Industries, Inc.","1625 Sharp Point Drive","Fort Collins","CO",80525
"Advent Software, Inc.","600 Townsend Street 5th floor","San Francisco","CA",94103
"Advocat, Inc.","1621 Galleria Boulevard","Brentwood","TN ",37027
"Aegerion Pharmaceuticals, Inc.","101 Main Street suite 1850","Cambridge","MA",2142
"Aegion Corp","17988 Edison Avenue","Chesterfield","MO",63005
"Aehr Test Systems","400 Kato Terrace","Fremont","CA",94539
"AEP Industries Inc.","125 Phillips Avenue","South Hackensack","NJ","07606-1546"
"AeroVironment, Inc.","181 West Huntington Drive Suite 202","Monrovia","CA",91016
"AEterna Zentaris, Inc.","1405 du Parc-Technologique Boulevard","Quebec City","QC","G1P 4P5"
"Aetrium Incorporated","2350 Helen Street","North St. Paul","MN",55109
"AFC Enterprises, Inc.","5555 Glenridge Connector NE Suite 300","Atlanta","GA",30342
"Affirmative Insurance Holdings, Inc.","4450 Sojourn Drive Suite 500","Addison","TX",75001
"Affymax, Inc.","4001 Miranda Avenue/4015 Miranda Avenue","Palo Alto","CA",94304
"Affymetrix, Inc.","3420 Central Expressway","Santa Clara","CA",95051
"Agenus Inc.","3 Forbes Road","Lexington","MA","02421-7305"
"AgFeed Industries, Inc.","100 Bluegrass Commons Blvd Suite 310","Hendersonville","TN ",37075
"Agilysys, Inc.","28925 Fountain Parkway","Solon","OH",44139
"Air Methods Corporation","7301 South Peoria","Englewood","CO",80112
"Air T, Inc.","3524 Airport Road","Maiden","NC",28650
"Air Transport Services Group, Inc","145 Hunter Drive","Wilmington","OH",45177
"AirMedia Group Inc","17th Floor Sky Plaza No 46 of Dongzhimenwai Street Dongcheng District","Beijing",,100027
"Aixtron SE","Kaiserstrasse 98","Herzogenrath",,52134
"Akamai Technologies, Inc.","8 Cambridge Center","Cambridge","MA",2142
"Akorn, Inc.","1925 West Field Court Suite 300","Lake Forest","IL",60045
"Alaska Communications Systems Group, Inc.","600 Telephone Avenue","Anchorage","AK","99503-6091"
"Albany Molecular Research, Inc.","21 Corporate Circle PO Box 15098","Albany","NY","12212-5098"
"Alexion Pharmaceuticals, Inc.","352 Knotter Drive","Cheshire","CT",6410
"Alexza Pharmaceuticals, Inc.","2091 Stierlin Court","Mountain View","CA",94043
"Alico, Inc.","10070 Daniels Interstate Court","Fort Myers","FL",33913
"Align Technology, Inc.","2560 Orchard Parkway","San Jose","CA",95131
"Alimera Sciences, Inc.","6120 Windward Parkway Suite 290","Alpharetta","GA",30005
"Alkermes plc","Lower Grand Canal Street Treasury Building","Dublin",,
"Allegiant Travel Company","8360 South Durango Drive","Las Vegas","NV",89113
"Alliance Bancorp, Inc. of Pennsylvania","541 Lawrence Road","Broomall","PA",19008
"Alliance Bankshares Corporation","14280 Park Meadow Drive Suite 350","Chantilly","VA ",20151
"Alliance Fiber Optic Products, Inc.","275 Gibraltar Drive","Sunnyvale","CA",94089
"Alliance Financial Corporation","120 Madison Street Tower II 18th Floor","Syracuse","NY",13202
"Alliance Holdings GP, L.P.","1717 South Boulder Avenue Suite 400","Tulsa","OK ",74119
"Alliance Resource Partners, L.P.","1717 South Boulder Avenue Suite 400","Tulsa","OK ",74119
"Allied Healthcare Products, Inc.","1720 Sublette Avenue","St Louis","MO",63110
"Allied Motion Technologies, Inc.","23 Inverness Way East Suite 150","Englewood","CO","80112-5711"
"Allos Therapeutics, Inc.","11080 CirclePoint Road Suite200","Westminster","CO",80020
"Allot Communications Ltd.","22 Hanagar Street Neve Neeman Industrial Zone B","Hod-Hasharon",,45240
"Allscripts Healthcare Solutions, Inc.","222 Merchandise Mart Suite 2024","Chicago","IL",60654
"Almost Family Inc","9510 Ormsby Station Road Suite 300","Louisville","KY",40223
"Alnylam Pharmaceuticals, Inc.","300 Third Street 3rd Floor","Cambridge","MA",2142
"Alpha and Omega Semiconductor Limited","Clarendon House 2 Church Street","Hamilton","HM",11
"Alphatec Holdings, Inc.","5818 El Camino Real","Carlsbad","CA",92008
"Altair Nanotechnologies Inc.","204 Edison Way","Reno","NV","89502-2306"
"Altera Corporation","101 Innovation Drive","San Jose","CA",95134
"Alterra Capital Holdings Limited","Max House  2 Front Street PO Box HM 2565","Hamilton","HM",11
"Altisource Portfolio Solutions S.A.","2-8 Avenue Charles de Gaulle","Luxembourg",,1653
"Alto Palermo S.A.","Moreno N 877 22nd Floor","Buenos Aires",,1091
"Altra Holdings, Inc.","300 Granite Street Suite 201","Braintree","MA",2184
"Alvarion Ltd.","21A HaBarzel Street PO Box 13139","Tel Aviv",,69710
"AMAG Pharmaceuticals, Inc.","100 Hayden Avenue ","Lexington","MA",2421
"Amarin Corporation PLC","First Floor Block 3 The Oval Shelbourne Road Ballsbridge","Dublin",,4
"Amazon.com, Inc.","1200 12th Avenue South Suite 1200","Seattle","WA","98144-2734"
"Ambassadors Group, Inc.","Dwight D Eisenhower Building 2001 South Flint Road","Spokane","WA",99224
"Ambient Corporation","7 Wells Avenue Suite 11","Newton","Ma",2459
"Amedisys Inc","5959 South Sherwood Forest Boulevard ","Baton Rouge","LA",70816
"Amerco","1325 Airmotive Way Suite 100","Reno","NV","89502-3239"
"Ameriana Bancorp","2118 Bundy Avenue ","New Castle","IN","47362-1048"
"America First Tax Exempt Investors, L.P.","1004 Farnam Street Suite 400","Omaha","NE",68102
"America Movil, S.A.B. de C.V.","Lago Alberto 245 Plaza Carso/Edificio Telcel","Mexico","DF",11529
"American Capital Agency Corp.","2 Bethesda Metro Center 14th Floor","Bethesda","MD",20814
"American Capital, Ltd.","Two Bethesda Metro Center 14th Floor","Bethesda","MD",20814
"American Caresource Holdings Inc","5429 Lyndon B Johnson Freeway Suite 850","Dallas","TX",75240
"American Dental Partners, Inc.","401 Edgewater Place Suite 430","Wakefield","MA",1880
"American Electric Technologies, Inc.","6410 Long Drive ","Houston","TX",77087
"American Independence Corp.","485 Madison Avenue ","New York","NY","10022-5872"
"American Learning Corporation","One Jericho Plaza","Jericho","NY",11753
"American Medical Alert Corp.","36-36 33rd Street","Long Island City","NY",11106
"American National Bankshares, Inc.","628 Main Street","Danville","VA ",24541
"American National Insurance Company","One Moody Plaza","Galveston","TX","77550-7999"
"American Pacific Corporation","3883 Howard Hughes Parkway Suite 700","Las Vegas","NV",89169
"American Public Education, Inc.","111 West Congress Street ","Charles Town","WV",25414
"American Railcar Industries, Inc.","100 Clark Street","St Charles","MO",63301
"American Realty Capital Properties, Inc.","405 Park Avenue","New York","NY",10022
"American River Bankshares","3100 Zinfandel Drive Suite 450","Rancho Cordova","CA",95670
"American Science and Engineering, Inc.","829 Middlesex Turnpike","Billerica","MA",1821
"American Software, Inc.","470 East Paces Ferry Road NE","Atlanta","GA",30305
"American Superconductor Corporation","64 Jackson Road","Devens","MA","01434-4020"
"American Woodmark Corporation","3102 Shawnee Drive","Winchester","VA ","22601-4208"
"America's Car-Mart, Inc.","802 Southeast Plaza Avenue Suite 200","Bentonville","AR",72712
"Amerigon Incorporated","21680 Haggerty Road Suite 101","Northville","MI",48167
"Ameris Bancorp","310 First Street SE","Moultrie","GA",31768
"AMERISAFE, Inc.","2301 Highway 190 West","DeRidde","LA",70634
"AmeriServ Financial Inc.","Main & Franklin Streets PO Box 430 ","Johnstown","PA","15907-0430"
"AmeriServ Financial Inc.","1405 du Parc-Technologique Boulevard","Quebec City","QC","G1P 4P5"
"Ameristar Casinos, Inc.","3773 Howard Hughes Parkway Suite 490S","Las Vegas","NV",89169
"Ameritrans Capital Corporation","50 Jericho Quadrangle","Jericho","NY",11753
"Ames National Corporation","405 5th Street Box 846","Ames","LA",50010
"Amgen Inc.","One Amgen Center Drive","Thousand Oaks","CA","91320-1799"
"Amicus Therapeutics, Inc.","6 Cedar Brook Drive","Cranbury","NJ",8512
"Amkor Technology, Inc.","1900 South Price Road","Chandler","AZ","85286-6604"
"Ampal-American Israel Corporation","10 Abba Even Street Ackerstein Tower C","Herzliya",,46733
"Ampio Pharmaceuticals, Inc.","5445 DTC Parkway Suite 925","Greenwood Village","CO",80111
"Amsurg Corp.","20 Burton Hills Boulevard Suite 500","Nashville","TN ",37215
"Amtech Systems, Inc.","131 South Clark Drive","Tempe","AZ",85281
"AmTrust Financial Services, Inc.","59 Maiden Lane 6th Floor","New York","NY",10038
"Amylin Pharmaceuticals, Inc.","9360 Towne Centre Drive Suite 110","San Diego","CA",92121
"Amyris, Inc.","5885 Hollis Street Suite 100  ","Emeryville","CA",94608
"Anacor Pharmaceuticals, Inc.","1020 East Meadow Circle ","Palo Alto","CA","94303-4230"
"ANADIGICS, Inc.","141 Mount Bethel Road","Warren","NJ",7059
"Analogic Corporation","8 Centennial Drive","Peabody","MA",1960
"Analysts International Corporation","7700 France Avenue South","Minneapolis","MN",55435
"Anaren, Inc.","6635 Kirkville Road","East Syracuse","NY",13057
"Ancestry.com, Inc.","360 West 4800 North","Provo","UT",84604
"Anchor Bancorp","601 Woodland Square Loop SE","Lacey","WA",98530
"Andatee China Marine Fuel Services Corporation","Dalian Ganjingzi District Dalian Wan Lijiacun Unit C No 68 West Binhai Road Xigang District ","Dalian",,116013
"Angeion Corporation","350 Oak Grove Parkway","Saint Paul","MN","55127-8599"
"Angie's List, Inc.","1030 East Washington Street","Indianapolis","IN",46202
"AngioDynamics, Inc.","14 Plaza Drive","Latham","NY",12110
"Anika Therapeutics Inc.","32 Wiggins Avenue","Bedford","MA",1730
"Annapolis Bancorp Inc.","1000 Bestgate Road Suite 400","Annapolis","MD",21401
"ANSYS, Inc.","Southpointe 275 Technology Drive","Canonsburg","PA",15317
"Anthera Pharmaceuticals, Inc.","25801 Industrial Boulevard Suite B","Hayward","CA",94545
"Apco Oil and Gas International Inc.","One Williams Center MD 35-8 35th Floor","Tulsa","OK ",74172
"API Technologies Corp.","4705 South Apopka Vineland Road Suite 210","Orlando","FL",32819
"Apogee Enterprises, Inc.","4400 West 78th Street Suite 520","Minneapolis","MN",55435
"Apollo Group, Inc.","4025 South Riverpoint Parkway","Phoenix","AZ",85040
"Apollo Investment Corporation","9 West 57th Street","New York","NY",10019
"Apple Inc.","1 Infinite Loop","Cupertino","CA",95014
"Appliance Recycling Centers of America, Inc.","7400 Excelsior Boulevard","Minneapolis","MN",55426
"Applied Energetics, Inc","3590 East Columbia Street","Tucson","AZ",85714
"Applied Materials, Inc.","3050 Bowers Avenue","Santa Clara","CA","95052-8039"
"Applied Micro Circuits Corporation","215 Moffett Park Drive","Sunnyvale","CA",94089
"Approach Resources Inc.","One Ridgmar Centre 6500 West Freeway Suite 800","Fort Worth","TX",76116
"Apricus Biosciences, Inc","6330 Nancy Ridge Drive Suite 103","San Diego","CA",92121
"Arabian American Development Company","1600 Highway 6 South Suite 240","Sugar Land","TX",77478
"Arc Wireless Solutions, Inc.","6330 North Washington Street Unit13","Denver","CO","80216-1146"
"Arca Biopharma, Inc.","8001 Arista Place Suite200","Broomfield","CO",80021
"Arch Capital Group Ltd.","Wessex House 4th Floor 45 Reid Street","Hamilton","HM",12
"Archipelago Learning, Inc.","3232 McKinney Avenue Suite400","Dallas","TX",75204
"Arctic Cat Inc.","601 Brooks Avenue South","Thief River Falls","MN",56701
"Ardea Biosciences, Inc.","4939 Directors Place","San Diego","CA",92121
"Arden Group, Inc.","2020 South Central Avenue","Compton","CA",90220
"Arena Pharmaceuticals, Inc.","6166 Nancy Ridge Drive","San Diego","CA",92121
"Argo Group International Holdings, Ltd.","110 Pitts Bay Road ","Pembroke","HM",8
"ARIAD Pharmaceuticals, Inc.","26 Landsdowne Street","Cambridge","MA","02139-4234"
"Ariba, Inc.","910 Hermosa Court","Sunnyvale","CA",94089
"Ark Restaurants Corp.","85 Fifth Avenue 14th Floor","New York","NY",10003
"Arkansas Best Corporation","3801 Old Greenwood Road ","Fort Smith","AR",72903
"ARM Holdings, plc","110 Fulbourn Road","Cambridge","CB1","9NJ"
"Arotech Corporation","1229 Oak Valley Drive","Ann Arbor","MI",48108
"ArQule, Inc.","19 Presidential Way","Woburn","MA",1801
"Array BioPharma Inc.","3200 Walnut Street","Boulder","CO",80301
"Arris Group Inc","3871 Lakefield Drive","Suwanee","GA",30024
"Arrow Financial Corporation","250 Glen Street","Glens Falls","NY",12801
"Arrowhead Research Corporation","225 South Lake Avenue 3rd Floor","Pasadena","CA",91101
"Artesian Resources Corporation","664 Churchmans Road","Newark","DE",19702
"ArthroCare Corporation","7500 Rialto Boulevard Building Two","Austin","TX",78735
"Art's-Way Manufacturing Co., Inc.","5556 Highway 9 PO Box 288","Armstrong","LA",50514
"Aruba Networks, Inc.","1344 Crossman Avenue","Sunnyvale","CA","94089-1113"
"ASB Bancorp, Inc.","11 Church Street","Asheville","NC",28801
"Ascena Retail Group, Inc.","30 Dunnigan Drive","Suffern","NY",10901
"Ascent Capital Group, Inc.","12300 Liberty Boulevard","Englewood","CO",80112
"Ascent Solar Technologies, Inc.","12300 North Grant Street","Thornton","CO",80241
"Asia Entertainment & Resources Ltd","16 Fenwick Street East Town Building","Wanchai",,33137
"Asia Pacific Wire & Cable Corporation Limited","7th Floor B No 132 Section 3 Min-Sheng East Road","Taipei",,105
"AsiaInfo-Linkage, Inc.","4th Floor Zhongdian Information Tower 6 Zhongguancun South Street Haidian District","Beijing",,100086
"ASM International N.V.","Versterkerstraat 8","Almere",,"1322 AP"
"ASML Holding N.V.","De Run 6501","Veldhoven",,"5504 DR"
"Aspen Technology, Inc.","200 Wheeler Road","Burlington","MA",1803
"AspenBio Pharma, Inc.","1585 South Perry Street ","Castle Rock","CO",80104
"Asset Acceptance Capital Corp.","28405 Van Dyke Avenue","Warren","ML",48093
"Associated Banc-Corp","1200 Hansen Road","Green Bay","WL",54304
"Asta Funding, Inc.","210 Sylvan Avenue","Englewood Cliffs","NJ",7632
"Astea International, Inc.","240 Gibraltar Road","Horsham","PA","19044-2306"
"Astec Industries, Inc.","1725 Shepherd Road","Chattanooga","TN ",37421
"Astex Pharmaceuticals, Inc.","4140 Dublin Boulevard Suite 200","Dublin","CA",94568
"Astro-Med, Inc.","600 East Greenwich Avenue","West Warwick","RL",2893
"Astronics Corporation","130 Commerce Way ","East Aurora","NY",14052
"Astrotech Corporation","401 Congress Avenue Suite 1650","Austin","TX",78701
"Asure Software Inc","110 Wild Basin Road Suite 100","Austin","TX",78746
"ATA Inc.","8th Floor Tower E 6 Gongyuan West Street","Beijing",,100005
"athenahealth, Inc.","311 Arsenal Street ","Watertown","MA",2472
"Athens Bancshares Corporation","106 Washington Avenue ","Athens","TN ",37303
"Athersys, Inc.","3201 Carnegie Avenue","Cleveland","OH","44115-2634"
"Atlantic American Corporation","4370 Peachtree Road NE","Atlanta","GA",30319
"Atlantic Coast Federal Corporation","12724 Gran Bay Parkway West Suite 150","Jacksonville","FL",32258
"Atlantic Tele-Network, Inc.","600 Cummings Center Suite 268-Z","Beverly","MA",1915
"Atlas Air Worldwide Holdings","2000 Westchester Avenue","Purchase","NY","10577-2543"
"Atmel Corporation","2325 Orchard Parkway","San Jose","CA",95131
"ATMI Inc.","7 Commerce Drive","Danbury","CT",6810
"ATP Oil & Gas Corporation","versterkerstraat 8 Suite 100","Houston","TX",77027
"AtriCure, Inc.","6217 Centre Park Drive ","West Chester","OH",45069
"ATRION Corporation","One Allentown Parkway","Allen","TX","75002-4211"
"Auburn National Bancorporation, Inc.","100 North Gay Street","Auburn","AL",36830
"AudioCodes Ltd.","1 Hayarden Street ","Airport City","Lod, ",70151
"Audiovox Corporation","180 Marcus Boulevard","Hauppauge","NY",11788
"Australia Acquisition Corp.","459 Collins Street Level 11","Melbourne","VIC",3000
"AuthenTec, Inc.","100 Rialto Place Suite 100","Melbourne","FL",32901
"Authentidate Holding Corp.","300 Connell Drive Connell Corporate Center","Berkeley Heights","NJ",7922
"Autobytel Inc.","18872 MacArthur Boulevard Suite 200","Irvine","CA","92612-1400"
"Autodesk, Inc.","111 McInnis Parkway","San Rafael","CA",94903
"Automatic Data Processing, Inc.","1 ADP Boulevard","Roseland","NJ",7068
"AutoNavi Holdings Limited","18th Floor Daheng Scitech Mansion South Section No 3 Suzhou Street Haidian District","Beijing",,100080
"Auxilium Pharmaceuticals, Inc.","40 Valley Stream Parkway","Malvern","PA",19355
"Avago Technologies Limited","1 Yishun Avenue 7","Singapore",,768923
"Avanir Pharmaceuticals, Inc.","20 Enterprise Suite 200","Aliso Viejo","CA",92656
"Avatar Holdings Inc.","201 Alhambra Circle","Coral Gables","FL",33134
"AVEO Pharmaceuticals, Inc.","75 Sidney Street 4th Floor","Cambridge","MA",2139
"AVI BioPharma, Inc.","3450 Monte Villa Parkway Suite 101","Bothell","WA",98021
"Aviat Networks, Inc.","5200 Great America Parkway","Santa Clara","CA",95054
"Avid Technology, Inc.","75 Network Drive","Veldhoven","MA",1803
"Avis Budget Group, Inc.","6 Sylvan Way","Parsippany","NJ",7054
"Aware, Inc.","40 Middlesex Turnpike","Bedford","MA",1730
"Axcelis Technologies, Inc.","108 Cherry Hill Drive","Beverly","MA",1915
"AXT Inc","4281 Technology Drive","Fremont","CA",94538
"B Communications Ltd.","2 Dov Friedman Street","Ramat Gan",,52503
"B.O.S. Better Online Solutions","20 Freiman Street Drive-In Center Building","Rishon LeZion",,75101
"Baidu, Inc.","Baidu Campus No 10 Shangdi 10th Street Haidian District","Beijing",,100085
"Balchem Corporation","52 Sunrise Park Road","New Hampton","NY",10958
"Baldwin & Lyons, Inc.","1099 North Meridian Street","Indianapolis","IN",46204
"Baldwin & Lyons, Inc.","1099 North Meridian Street","Indianapolis","IN",46204
"Ballard Power Systems, Inc.","9000 Glenlyon Parkway","Burnaby","BC","V5J 5J8"
"BancFirst Corporation","101 North Broadway","Oklahoma City","OK ",73102
"Bancorp Rhode Island, Inc.","One Turks Head Place","Providence","RL",2903
"BancTrust Financial Group, Inc.","100 Saint Joseph Street PO Box 3067","Mobile","AL",36602
"Bank Mutual Corporation","4949 West Brown Deer Road","Milwaukee","WI",53223
"Bank of Commerce Holdings (CA)","1951 Churn Creek Road","Redding","CA",96002
"Bank of Marin Bancorp","504 Redwood Boulevard Suite 100","Novato","CA",94947
"Bank of South Carolina Corp.","256 Meeting Street","Charleston","SC",29401
"Bank of the Carolinas Corporation","Davie County 135 Boxwood Village Drive","Mocksville","NC ",27028
"Bank of the Ozarks","12615 Chenal Parkway","Little Rock","AR",72211
"Bank Of Virginia","11730 Hull Street Road","Midlothian","VA",23112
"BankFinancial Corporation","15W060 North Frontage Road","Burr Ridge","IL",60527
"Banner Corporation","10 South First Avenue","Walla Walla","WA",99362
"Barrett Business Services, Inc.","8100 NE Parkway Drive Suite 200","Vancouver","WA",98662
"Bassett Furniture Industries, Incorporated","3525 Fairystone Park Highway","Bassett","VA",24055
"BBCN Bancorp, Inc.","3731 Wilshire Boulevard Suite 1000","Los Angeles","CA",90010
"BCB Bancorp, Inc. (NJ)","104-110 Avenue C","Bayonne","NJ",7002
"BCD Semiconductor Manufacturing Limited","No 1600 Zi Xing Road Shanghai Zizhu Science-based Industrial Park","Shanghai",,200241
"BCSB Bancorp, Inc.","4111 East Joppa Road Suite 300","Baltimore","MD",21236
"BE Aerospace, Inc.","1400 Corporate Center Way","Wellington","FL",33414
"Beacon Federal Bancorp, Inc.","6611 Manlius Center Road","East Syracuse","NY",13057
"Beacon Roofing Supply, Inc.","One Lakeland Park Drive","Peabody","MA",1960
"Beasley Broadcast Group, Inc.","3033 Riviera Drive Suite 200","Naples","FL",34103
"bebe stores, inc.","400 Valley Drive","Brisbane","CA",94005
"Bed Bath & Beyond Inc.","650 Liberty Avenue","Union","NJ",7083
"Bel Fuse Inc.","206 Van Vorst Street","Jersey City","NJ",7302
"Bel Fuse Inc.","206 Van Vorst Street","Jersey City","NJ",7302
"Beneficial Mutual Bancorp, Inc.","510 Walnut Street 19th Floor","Philadelphia","PA",19106
"Benihana Inc.","8685 Northwest 53rd Terrace","Miami","FL",33166
"Berkshire Bancorp, Inc.","160 Broadway","New York","NY",10038
"Berkshire Hills Bancorp, Inc.","24 North Street","Pittsfield","MA",1201
"BG Medicine, Inc.","610 Lincoln Street North","Waltham","MA",2451
"BGC Partners, Inc.","499 Park Avenue","New York","NY",10022
"Bidz.com, Inc.","3562 Eastham Drive","Culver City","CA",90232
"Big 5 Sporting Goods Corporation","2525 East El Segundo Boulevard","El Segundo","CA",90245
"Bioanalytical Systems, Inc.","2701 Kent Avenue","West Lafayette","IN",47906
"BioClinica, Inc","826 Newtown-Yardley Road","Newtown","PA",18940
"BioCryst Pharmaceuticals, Inc.","4505 Emperor Boulevard Suite 200","Durham","NC",27703
"Biodel Inc.","100 Saw Mill Road","Danbury","CT",6810
"BioDelivery Sciences International, Inc.","801 Corporate Center Drive Suite 210","Raleigh","NC",27607
"BioFuel Energy Corp.","1600 Broadway Suite 2200","Denver","CO",80202
"Biogen Idec Inc","133 Boston Post Road","Weston","MA",2493
"BioLase Technology, Inc.","4 Cromwell","Irvine","CA",92618
"BioLineRx Ltd.","19 Hartum Street PO Box 45158","Jerusalem",,91450
"BioMarin Pharmaceutical Inc.","105 Digital Drive","Novato","CA",94949
"BioMimetic Therapeutics, Inc.","389 Nichol Mill Lane","Franklin","TN",37067
"Bionovo, Inc.","5858 Horton Street Suite 400","Emeryville","CA",94608
"Bio-Reference Laboratories, Inc.","481 Edward H Ross Drive","Elmwood Park","NJ",7407
"Biosante Pharmaceuticals, Inc.","111 Barclay Boulevard Suite 280","Lincolnshire","IL",60069
"BioScrip, Inc.","100 Clearbrook Road","Elmsford","NY",10523
"BioSpecifics Technologies Corp","35 Wilbur Street","Lynbrook","NY",11563
"Biostar Pharmaceuticals, Inc.","Shiji Avenue ","Xianyang City",,712000
"Birner Dental Management Services, Inc.","1777 South Harrison Street Suite 1400","Denver","CO",80210
"Bitstream Inc.","500 Nickerson Road","Marlborough","MA","01752-4695"
"BJ's Restaurants, Inc.","7755 Center Avenue Suite 300","Huntington Beach","CA",92647
"Black Box Corporation","1000 Park Drive","Lawrence","PA","15055-1018"
"Black Diamond, Inc.","2084 East 3900 South","Salt Lake City","UT",84124
"Blackbaud, Inc.","2000 Daniel Island Drive","Charleston","SC","29492-7541"
"BlackRock Kelso Capital Corporation","40 East 52nd Street 21st Floor","New York","NY",10022
"Blue Coat Systems Inc","420 North Mary Avenue","Sunnyvale","CA",94085
"Blue Dolphin Energy Company","801 Travis Street Suite 2100","Houston","TX",77002
"Blue Nile, Inc.","705 Fifth Avenue South Suite 700","Seattle","WA",98104
"Bluefly, Inc.","42 West 39th Street","New York","NY",10018
"Blueknight Energy Partners L.P., L.L.C.","Two Warren Place 6120 South Yale Avenue","Tulsa","OK",74136
"BluePhoenix Solutions, Ltd.","8 Maskit Street PO Box  ","Herzlia",,46733
"BMC Software, Inc.","2101 Citywest Boulevard","Houston","TX","77042-2827"
"BNC Bancorp","1226 Eastchester Drive","High Point","NC",27265
"Bob Evans Farms, Inc.","3776 South High Street","Columbus","OH",43207
"Body Central Corp.","6225 Powers Avenue","Jacksonville","FL",32217
"BofI Holding, Inc.","12777 High Bluff Drive Suite 100","San Diego","CA",92130
"Boingo Wireless, Inc.","10960 Wilshire Boulevard Suite 800","Los Angeles","CA",90024
"BOK Financial Corporation","Bank Of Oklahoma Tower Boston Avenue At Second Street","Tulsa","OK",74172
"Bolt Technology Corporation","Four Duke Place","Norwalk","CT",6854
"Bona Film Group Limited","11th Floor Guan Hu Garden 3","Beijing",,100025
"Bonso Electronics International, Inc.","Unit 1404 14th Floor Cheuk Nang Centre","Tsimshatsui",,
"Books-A-Million, Inc.","402 Industrial Lane","Birmingham","AL",35211
"Boston Private Financial Holdings, Inc.","Ten Post Office Square","Boston","MA",2109
"Bottomline Technologies, Inc.","325 Corporate Drive","Portsmouth","NH",3801
"Bravo Brio Restaurant Group, Inc.","777 Goodale Boulevard Suite 100","Columbus","OH",43212
"BreitBurn Energy Partners, L.P.","515 South Flower Street Suite 4800","Los Angeles","CA",90071
"Bridge Bancorp, Inc.","2200 Montauk Highway PO Box 3005","Bridgehampton","NY",11932
"Bridge Capital Holdings","55 Almaden Boulevard Suite200","San Jose","CA",95113
"Bridgeline Digital, Inc.","10 Sixth Road","Woburn","MA",1801
"Bridgford Foods Corporation","1308 North Patt Street","Anaheim","CA",92801
"Brightpoint, Inc.","7635 Interactive Way Suite 200","Indianapolis","IN",46278
"Britton & Koontz Capital Corporation","500 Main Street","Natchez","MS",39120
"Broadcom Corporation","5300 California Avenue Buildings 1-8","Irvine","CA",92617
"BroadSoft, Inc.","220 Perry Parkway","Gaithersburg","MD",20877
"BroadVision, Inc.","1600 Seaport Boulevard Suite 550","Redwood City","CA",94063
"Broadway Financial Corporation","4800 Wilshire Boulevard","Los Angeles","CA",90010
"Broadwind Energy, Inc.","47 East Chicago Avenue Suite 332","Naperville","IL",60540
"Brocade Communications Systems, Inc.","130 Holger Way","San Jose","CA",95134
"Brookline Bancorp, Inc.","160 Washington Street","Brookline","MA","02447-0469"
"Brooklyn Federal Bancorp, Inc.","81 Court Street","Brooklyn","NY",11201
"Brooks Automation, Inc.","15 Elizabeth Drive","Chelmsford","MA",1824
"Bruker Corporation","40 Manning Road Manning Park","Billerica","MA",1821
"Bryn Mawr Bank Corporation","801 Lancaster Avenue","Bryn Mawr","PA",19010
"BSB Bancorp, Inc.","2 Leonard Street","Belmont","MA",2478
"BSD Medical Corporation","2188 West 2200 South","Salt Lake City","UT","84119-1326"
"BSQUARE Corporation","110 110th Avenue NE Suite 200","Bellevue","WA",98004
"BTU International, Inc.","23 Esquire Road","North Billerica","MA","01862-2596"
"Buffalo Wild Wings, Inc.","5500 Wayzata Boulevard Suite 1600","Minneapolis","MN",55416
"Builders FirstSource, Inc.","2001 Bryan Street Suite 1600","Dallas","TX",75201
"Burcon Nutrascience Corp","1946 West Broadway","Vancouver","BC","V6J 1Z2"
"C&F Financial Corporation","802 Main Street","West Point","VA",23181
"C.H. Robinson Worldwide, Inc.","14701 Charlson Road","Eden Prairie","MN","55347-5076"
"CA Inc.","One CA Plaza ","Islandia","NY",11749
"Cabot Microelectronics Corporation","870 North Commons Drive","Aurora","IL",60504
"Cache, Inc.","1440 Broadway 5th Floor","New York","NY",10018
"Cadence Design Systems, Inc.","2655 Seely Avenue Building 5","San Jose","CA",95134
"Cadence Pharmaceuticals, Inc.","12481 High Bluff Drive Suite 200","San Diego","CA",92130
"Cadiz, Inc.","550 South Hope Street Suite 2850","Los Angeles","CA",90071
"Calamos Asset Management, Inc.","2020 Calamos Court","Naperville","IL","60563-2787"
"CalAmp Corp.","1401 North Rice Avenue","Oxnard","CA",93030
"Calavo Growers, Inc.","1141-A Cummings Road","Santa Paula","CA",93060
"California First National Bancorp","18201 Von Karman Avenue Suite 800","Irvine","CA",92612
"Callidus Software, Inc.","6200 Stoneridge Mall Road Suite 500","Pleasanton","CA",94588
"Cal-Maine Foods, Inc.","3320 Woodrow Wilson Avenue","Jackson","MS",39209
"Calumet Specialty Products Partners, L.P.","2780 Waterfront Parkway East Drive Suite 200","Indianapolis","IN",46214
"Cambium Learning Group, Inc.","17855 Dallas Parkway Suite 400","Dallas","TX",75287
"Camco Financial Corporation","814 Wheeling Avenue","Cambridge","OH",43725
"Camden National Corporation","2 Elm Street","Camden","ME",4843
"Camtek Ltd.","Ramat Gavriel Industrial Zone PO Box 544","Migdal Haemek",,23150
"Canadian Solar Inc.","650 Riverbend Drive Suite B","Kitchener","ON","N2K 3S2"
"Canterbury Park Holding Corporation","1100 Canterbury Road","Shakopee","MN",55379
"Cape Bancorp, Inc.","225 North Main Street","Cape May Courthouse","NJ","V6J 1Z2"
"Capella Education Company","225 South Sixth Street Capella Tower 9th Floor","Minneapolis","MN",55402
"Capital Bank Corporation","333 Fayetteville Street Suite 700","Raleigh","NC",27601
"Capital City Bank Group","217 North Monroe Street","Tallahassee","FL",32301
"Capital Product Partners L.P.","3 Iassonos Street","Piraeus",,"185 37"
"Capital Southwest Corporation","12900 Preston Road Suite 700","Dallas","TX",75230
"Capitol Federal Financial","700 South Kansas Avenue Suite 517","Topeka","KS",66603
"Capstone Turbine Corporation","21211 Nordhoff Street","Chatsworth","CA",91311
"Carbonite, Inc.","177 Huntington Avenue","Boston","MA",2115
"Cardica, Inc.","900 Saginaw Drive","Redwood City","CA",94063
"Cardinal Financial Corporation","8270 Greensboro Drive Suite 500","McLean","VA",22102
"Cardiome Pharma Corporation","6190 Agronomy Road 6th Floor","Vancouver","BC","V6T 1Z3"
"CardioNet, Inc.","227 Washington Street Suite 300","Conshohocken","PA",19428
"Cardiovascular Systems, Inc.","651 Campus Drive","St Paul","MN","55112-3495"
"Cardtronics, Inc.","3250 Briarpark Drive Suite 400","Houston","TX",77042
"Career Education Corporation","231 North Martingale Road","Schaumburg","IL",60173
"Caribou Coffee Company, Inc.","3900 Lakebreeze Avenue North","Brooklyn Center","MN",55429
"Carmike Cinemas, Inc.","1301 First Avenue","Columbus","GA","31901-2109"
"Carolina Bank Holdings Inc.","101 North Spring Street","Greensboro","NC ",27401
"Carolina Trust Bank","901 East Main Street","Lincolnton","NC",28092
"Carrizo Oil & Gas, Inc.","1000 Louisiana Street Suite 1500","Houston","TX",77002
"Carrollton Bancorp","7151 Columbia Gateway Drive Suite A","Columbia","MD","21046-2149"
"Carrols Restaurant Group, Inc.","968 James Street","Syracuse","NY","13203-2596"
"Carver Bancorp, Inc.","75 West 125th Street","New York","NY",10027
"CAS Medical Systems, Inc.","44 East Industrial Road","Branford","CT",6405
"Cascade Bancorp","1100 NW Wall Street","Bend","OR",97701
"Cascade Microtech, Inc.","2430 NW 206th Avenue","Beaverton","OR",97006
"Casella Waste Systems, Inc.","25 Greens Hill Lane","Rutland","VT",5701
"Caseys General Stores, Inc.","One Convenience Boulevard","Ankeny","LA",50021
"Cass Information Systems, Inc","13001 Hollenberg Drive","Bridgeton","MO",63044
"Casual Male Retail Group, Inc.","555 Turnpike Street","Canton","MA",2021
"Catalyst Health Solutions, Inc","800 King Farm Boulevard","Rockville","MD",20850
"Catalyst Pharmaceutical Partners, Inc.","355 Alhambra Circle Suite 1370","Coral Gables","FL",33134
"Cathay General Bancorp","777 North Broadway","Los Angeles","CA",90012
"Cavco Industries, Inc.","1001 North Central Avenue Suite 800","Phoenix","AZ",85004
"Cavium, Inc.","805 East Middlefield Road","Mountain View","CA",94043
"Cazador Acquisition Corporation Ltd.","PO Box 309 Ugland House","Grand Cayman","KY","1-1104"
"Cbeyond, Inc.","320 Interstate North Parkway SE Suite 300","Atlanta","GA",30339
"CBOE Holdings, Inc.","400 South LaSalle Street ","Chicago","IL",60605
"CE Franklin Ltd.","300 5th Avenue SW Suite 1900","Calgary","AB","T2P 3C4"
"CECO Environmental Corp.","4625 Red Bank Road Suite 200","Cincinnati","OH",45227
"Celgene Corporation","86 Morris Avenue","Summit","NJ",7901
"Cell Therapeutics, Inc.","501 Elliott Avenue West Suite 400","Seattle","WA",98119
"Celldex Therapeutics, Inc","119 Fourth Avenue","Needham","MA",2494
"Celsion Corporation","10220-L Old Columbia Road","Columbia","MD",21046
"Center Bancorp, Inc.","2455 Morris Avenue","Union","NJ",7083
"CenterState Banks, Inc.","42745 US Highway 27","Davenport","FL",33837
"Central Bancorp, Inc","399 Highland Avenue","Somerville","MA",2144
"Central European Distribution Corporation","3000 Atrium Way Suite 265","Mount Laurel","NJ",8054
"Central European Media Enterprises Ltd.","Mintflower Place 4th Floor 8 Par-La-Ville Road","Hamilton","HM",8
"Central Federal Corporation","2923 Smith Road","Fairlawn","OH",44333
"Central Garden & Pet Company","1340 Treat Boulevard Suite 600","Walnut Creek","CA",94597
"Central Garden & Pet Company","1340 Treat Boulevard Suite 600","Walnut Creek","CA",94597
"Central Valley Community Bancorp","7100 North Financial Drive Suite 101","Fresno","CA",93720
"Central Virginia Bankshares, Inc.","2036 New Dorset Road PO Box 39","Powhatan","VA",23139
"Century Aluminum Company","2511 Garden Road Building A","Monterey","CA",93940
"Century Bancorp, Inc.","400 Mystic Avenue","Medford","MA",2155
"Century Casinos, Inc.","2860 South Circle Drive Suite 350","Colorado Springs","CO",80906
"CEPHEID","904 Caribbean Drive","Sunnyvale","CA","94089-1189"
"Ceradyne, Inc.","3169 Red Hill Avenue","Costa Mesa","CA",92626
"Ceragon Networks Ltd.","24 Raoul Wallenberg Street","Tel Aviv",,69719
"Cereplast, Inc.","300 North Continental Boulevard Suite 100","El Segundo","CA",90245
"Cerner Corporation","2800 Rockcreek Parkway","North Kansas City","MO",64117
"Cerus Corporation","2550 Stanwell Drive","Concord","CA",94520
"CEVA, Inc.","1943 Landings Drive","Mountain View","CA",94043
"CFS Bancorp, Inc.","707 Ridge Road","Munster","IN",46321
"Champion Industries, Inc.","2450-90 1st Avenue PO Box 2968","Huntington","WV",25728
"Changyou.com Limited","East Tower, Jing Yan Building No 29 Shijingshan Road","Beijing",,100043
"Charles & Colvard Ltd","300 Perimeter Park Drive Suite A","Morrisville","NC",27560
"Charm Communications Inc.","Oriental Media Center Tower A 4 Guanghua Road 26th Floor Chaoyang District","Beijing",,100026
"Charming Shoppes, Inc.","3750 State Road","Bensalem","PA",19020
"Chart Industries, Inc.","One Infinity Corporate Centre Drive Suite 300","Garfield Heights","OH","44125-5370"
"Charter Communications, Inc.","12405 Powerscourt Drive Suite 100","St. Louis","MO","63131-3660"
"Charter Financial Corp.","1233 Ogskinner Drive","West Point","GA",31833
"Check Point Software Technologies Ltd.","5 Ha Solelim Street","Tel Aviv",,67897
"Chelsea Therapeutics International, Ltd.","3530 Toringdon Way Suite 200","Charlotte","NC",28277
"Chemical Financial Corporation","235 East Main Street","Midland","ML","48640-0569"
"Cherokee Inc.","6835 Valjean Avenue","Van Nuys","CA",91406
"Cheviot Financial Corp","3723 Glenmore Avenue","Cheviot","OH",45211
"Chicopee Bancorp, Inc.","70 Center Street","Chicopee","MA",1013
"China Advanced Construction Materials Group, Inc.","9 North West Fourth Ring Road Yingu Mansion Suite 1708","Beijing",,100190
"China Auto Logistics Inc.","No 87 No 8 Coastal Way Floor 2 Construction Bank FTZ","Tianjin",,300461
"China Automotive Systems, Inc.","No 1 Henglong Road No 1 Henglong Road","Jing Zhou City",,434000
"China BAK Battery, Inc.","BAK Industrial Park No 1 BAK Street Kuichong Street Longgang District","Shenzhen",,518119
"China Biologic Products, Inc.","No 14 East Hushan Road","Taian City",,271000
"China Ceramics Co., Ltd.","Junbing Industry Zone Anhai Town","Jinjiang City",,362261
"China CGame, Inc","No 105 Baishi Road Lanpu Industrial Zone West Jiuzhou Avenue","Zhuhai",,519015
"China Direct Industries, Inc.","431 Fairway Drive Suite 200","Deerfield Beach","FL",33441
"China Finance Online Co. Limited","9th Floor Of Tower C Corporate Square No 35 Financial Street Xicheng District","Beijing",,100033
"China Gerui Advanced Materials Group Limited","1 Shuanghu Development Zone Xinzheng City","Zhengzhou",,451191
"China Grentech Corporation Limited","15th Floor Block A Guoren Building Keji Central 3rd Road","Shenzhen",,518057
"China Growth Equity Investment Ltd.","A12 Jianguomenwai Avenue NCI Tower","Beijing",,100022
"China HGS Real Estate, Inc.","6 Hantaixinghan Road 19th Floor","Hanzhong City",,723000
"China Housing & Land Development, Inc.","6 Youyi Dong Lu Han Yuan 4 Lou","Xian",,710054
"China Information Technology, Inc.","21st Floor Everbright Bank Building Zhuzilin Futian District","Shenzhen",,518040
"China Jo-Jo Drugstores, Inc.","Room 507-513 5th Floor A Building Meidu Plaza Gongshu District","Hangzhou,",,
"China Lodging Group, Limited","5th Floor Block 57 No 461 Hongcao Road Xuhui District","Shanghai",,200233
"China Medical Technologies, Inc.","No 24 Yong Chang North Road Beijing Economic-Technological Development Area","Beijing",,100176
"China Natural Gas, Inc.","19th Floor Building B Van Metropolis Tang Yan Road Hi-Tech Zone","Xian,",,710065
"China Nuokang Bio-Pharmaceutical Inc.","No 18-1 East Nanping Road Hunnan New District Hunnan National New & High-tech Development Zone","Shengyang",,110171
"China Precision Steel, Inc.","8th Floor Teda Building 87 Wing Lok Street","Sheung Wan",,
"China Real Estate Information Corporation","No 383 Guangyan Road","Shanghai",,200072
"China Recycling Energy Corporation","12th Floor Tower A No 88 Nan Guan Zheng Jie Chang An International Building",,"Xi",710068
"China Shengda Packaging Group, Inc.","No 2 Beitang Road Xiaoshan Economic and Technological Development Zone","Hangzhou",,311215
"China Sky One Medical, Inc.","No 2158 North Xiang An Road Song Bei District","Harbin",,150028
"China Sunergy Co., Ltd.","No 123 Focheng West Road Jiangning Economic & Technical Development Zone","Nanjing",,211100
"China TechFaith Wireless Communication Technology Limited","Building 1 No 13 YongChang North Road Beijing Economic-Technological Development Area","Beijing",,100176
"China Technology Development Group Corporation","Unit 1903 19th Floor West Tower Shun Tak Centre 168-200 Connaught Road","Central",,
"China TransInfo Technology Corp.","9th Floor Vision Building No 39 Xueyuanlu Haidian District","Beijing",,100191
"China Valves Technology, Inc.","No 93 West Xinsong Road","Kaifeng",,475002
"China XD Plastics Company Limited","No 9 Dalian North Road Haping Road Centralized Industrial Park","Harbin",,150060
"China Yida Holding, Co.","28th Floor Yifa Building No 111 Wusi Road","Fuzhou",,350003
"ChinaCache International Holdings Ltd.","6/F Block A Galaxy Plaza No 10 Jiuxianqiao Road Middle","Beijing",,100015
"ChinaCast Education Corporation","20/F, One International Financial Centre Suite 08","Central",,
"ChinaEdu Corporation","4th Floor A Block Gehua Building No 1 Qinglong Hutong Dongcheng District","Beijing",,100007
"ChinaNet Online Holdings, Inc.","No. 3 Min Zhuang Road Building 6 Yu Quan Hui Gu Tuspark Haidian District","Beijing",,10011985
"Chindex International, Inc.","4340 East West Highway Suite 1100","Bethesda","MD",20814
"ChipMOS TECHNOLOGIES (Bermuda) LTD.","No 1 R&D Road 1 Hsinchu Science Park","Hsinchu",,300
"Churchill Downs, Incorporated","700 Central Avenue","Louisville","KY",40208
"Chyron Corporation","5 Hub Drive","Melville","NY",11747
"CIENA Corporation","1201 Winterson Road","Linthicum","MD",21090
"CIFC Corp.","250 Park Avenue 5th Floor","New York","NY",10177
"Cimatron, Limited","11 Gush Etzion Street","Givat Shmuel",,54030
"Cincinnati Financial Corporation","6200 South Gilmore Road","Fairfield","OH","45014-5141"
"Cinedigm Digital Cinema Corp","55 Madison Avenue Suite 300","Morristown","NJ",7960
"Cintas Corporation","6800 Cintas Boulevard PO Box 625737","Cincinnati","OH","45262-5737"
"Cirrus Logic, Inc.","2901 Via Fortuna","Austin","TX",78746
"Cisco Systems, Inc.","170 West Tasman Drive","San Jose","CA","95134-1706"
"Citi Trends, Inc.","104 Coleman Boulevard","Savannah","GA",31408
"Citizens & Northern Corp","90-92 Main Street","Wellsboro","PA",16901
"Citizens Community Bancorp, Inc.","2174 Eastridge Center","Eau Claire","WI",54701
"Citizens First Corporation","1065 Ashley Street","Bowling Green","KY",42103
"Citizens Holding Company","521 Main Street PO Box 209","Philadelphia","MS",39350
"Citizens Republic Bancorp, Inc.","328 South Saginaw Street","Flint","ML",48502
"Citizens South Banking Corporation","519 South New Hope Road PO Box 2249","Gastonia","NC","28054-4040"
"Citrix Systems, Inc.","851 West Cypress Creek Road","Fort Lauderdale","FL",33309
"City Holding Company","25 Gatewater Road","Charleston","WV",25313
"City Telecom (H.K.) Limited","Level 39 Tower 1 Metroplaza","Kwai Chung",,
"Clayton Williams Energy, Inc.","6 Desta Drive Suite 3000","Midland","TX","79705-5510"
"Clean Diesel Technologies, Inc.","4567 Telephone Road Suite 206","Ventura","CA",93003
"Clean Energy Fuels Corp.","3020 Old Ranch Parkway Suite 400","Seal Beach","CA",90740
"Cleantech Solutions International, Inc.","No.9 Yanyu Middle Road Qianzhou Town","Wuxi City",,
"Clearfield, Inc.","5480 Nathan Lane Suite 120","Plymouth","MN",55442
"ClearOne Communications Inc.","5225 Wiley Post Way Suite 500","Salt Lake City","UT",84116
"Clearwire Corporation","4400 Carillon Point","Kirkland","WA",98033
"Cleveland BioLabs, Inc.","73 High Street","Buffalo","NY",14203
"ClickSoftware Technologies Ltd.","94 Em-Hamoshavot Road 94 Em-Hamoshavot Road Oren Building Petach","Tikva",,49527
"Clifton Savings Bancorp, Inc.","1433 Van Houten Avenue","Clifton","NJ",7015
"Clovis Oncology, Inc.","Ideon Science Park","Lund",,"223 70"
"CME Group Inc.","20 South Wacker Drive","Chicago","IL","60606-7499"
"CMS Bancorp, Inc.","123 Main Street Suite 750","White Plains","NY",10601
"CNB Financial Corporation","1 South Second Street PO Box 42","Clearfield","PA",16830
"CNinsure Inc.","21st Floor Yinhai Building No 299 Yanjiang Zhong Road","Guangzhou",,510110
"Cobra Electronics Corporation","6500 West Cortland Street ","Chicago","IL",60707
"Coca-Cola Bottling Co. Consolidated","4100 Coca-Cola Plaza","Charlotte","NC",28211
"Codexis, Inc.","200 Penobscot Drive","Redwood City","CA",94063
"Codorus Valley Bancorp, Inc","105 Leader Heights Road PO Box 2887","York","PA",17405
"Coffee Holding Co., Inc.","3475 Victory Boulevard","Staten Island","NY",10314
"Cogent Communications Group, Inc.","1015 31st Street NW","Washington","DC",20007
"Cognex Corporation","One Vision Drive","Natick","MA","01760-2059"
"Cognizant Technology Solutions Corporation","500 Frank West Burr Boulevard Glenpointe Centre West","Teaneck","NJ",7666
"Cogo Group, Inc.","9th Floor, Tower C Skyworth Building","Shenzhen",,518057
"Coherent, Inc.","5100 Patrick Henry Drive","Santa Clara","CA",95054
"Cohu, Inc.","12367 Crosthwaite Circle","Poway","CA","92064-6817"
"Coinstar, Inc.","1800 114th Avenue SouthEast","Bellevue","WA",98004
"Coldwater Creek, Inc.","One Coldwater Creek Drive","Sandpoint","ID",83864
"Coleman Cable, Inc.","1530 Shields Drive","Waukegan","IL",60085
"Collectors Universe, Inc.","1921 E Alton Avenue","Santa Ana","CA",92705
"Colonial Financial Services, Inc.","2745 South Delsea Drive","Vineland","NJ",8360
"Colony Bankcorp, Inc.","115 South Grant Street","Fitzgerald","GA",31750
"Columbia Banking System, Inc.","1301 A Street","Tacoma","WA","98401-2156"
"Columbia Laboratories, Inc.","354 Eisenhower Parkway Plaza One Second Floor","Livingston","NJ",7039
"Columbia Sportswear Company","14375 North West Science Park Drive","Portland","OR","97229-5418"
"Columbus McKinnon Corporation","140 John James Audubon Parkway","Amherst","NY","14228-1197"
"CombiMatrix Corporation","310 Goddard Suite 150","Irvine","CA",92618
"Comcast Corporation","1701 John F. Kennedy Boulevard One Comcast Center","Philadelphia","PA",19103
"Comcast Corporation","1701 John F. Kennedy Boulevard One Comcast Center","Philadelphia","PA",19103
"Commerce Bancshares, Inc.","1000 Walnut Kansas City","Kansas City","MO",64106
"COMMERCEFIRST BANCORP INC","1804 West Street Suite 200","Annapolis","MD",21401
"Commercial National Financial Corporation","900 Ligonier Street","Latrobe","PA",15650
"Commercial Vehicle Group, Inc.","7800 Walton Parkway","New Albany","OH",43054
"Commtouch Software Ltd.","4A Hatzoran Street PO Box 8511","Netanya",,42504
"Communications Systems, Inc.","10900 Red Circle Drive","Minnetonka","MN",55343
"Community Bank Shares of Indiana, Inc.","101 West Spring Street","New Albany","IN",47150
"Community Financial Corp.","38 North Central Avenue","Staunton","VA",24401
"Community Partners Bancorp","1250 Highway 35 South","Middletown","NJ",7748
"Community Trust Bancorp, Inc.","346 North Mayo Trail","Pikeville","KY",41501
"Community West Bancshares","445 Pine Avenue","Goleta","CA",93117
"CommVault Systems, Inc.","2 Crescent Place PO Box 900","Oceanport","NJ","07757-0900"
"Complete Genomics, Inc.","2071 Stierlin Court","Mountain View","CA",94043
"Compressco Partners, L.P.","101 Park Avenue Suite 1200","Oklahoma City","OK",73102
"CompuCredit Holdings Corporation","Five Concourse Parkway Suite 400","Atlanta","GA",30328
"Compugen Ltd.","72 Pinchas Rosen Street","Tel Aviv",,69512
"Computer Programs and Systems, Inc.","6600 Wall Street","Mobile","AL",36695
"Computer Task Group, Incorporated","800 Delaware Avenue","Buffalo","NY",14209
"Compuware Corporation","One Campus Martius","Detroit","ML","48226-5099"
"comScore, Inc.","11950 Democracy Drive Suite 600","Reston","VA",20190
"Comstock Homebuilding Companies, Inc.","11465 Sunset Hills Road 11465 Sunset Hills Road","Reston","VA",20190
"Comtech Telecommunications Corp.","68 South Service Road Suite 230","Melville",,11747
"Comverge, Inc.","5390 Triangle Parkway Suite 300","Norcross","GA",30092
"Comverse Technology, Inc.","810 Seventh Avenue","New York","NY",10019
"Conceptus, Inc.","331 East Evelyn Avenue","Mountain View","CA",94041
"Concur Technologies, Inc.","18400 NE Union Hill Road","Redmond","WA",98052
"Concurrent Computer Corporation","4375 River Green Parkway Suite 100","Duluth","GA",30096
"CONMED Corporation","525 French Road","Utica","NY",13502
"Connecticut Water Service, Inc.","93 West Main Street","Clinton","CT","06413-1600"
"Conn's, Inc.","3295 College Street","Beaumont","TX",77701
"Consolidated Communications Holdings, Inc.","121 South 17th Street","Mattoon","IL","61938-3987"
"Consolidated Water Co. Ltd.","Regatta Office Park Windward Three 4th Floor","Grand Cayman","KY","1-1102"
"Constant Contact, Inc.","Reservoir Place 1601 Trapelo Road","Waltham","MA",2451
"Consumer Portfolio Services, Inc.","19500 Jamboree Road","Irvine","CA",92612
"Convio, Inc.","11501 Domain Drive Suite 200","Austin","TX",78758
"Copano Energy, L.L.C.","2727 Allen Parkway Suite 1200","Houston","TX",77019
"Copart, Inc.","4665 Business Center Drive","Fairfield","CA",94534
"Corcept Therapeutics Incorporated","149 Commonwealth Drive","Menlo Park","CA",94025
"Core-Mark Holding Company, Inc.","395 Oyster Point Boulevard Suite 415","South San Francisco","CA",94080
"Corinthian Colleges, Inc.","6 Hutton Centre Drive Suite 400","Santa Ana","CA",92707
"Cornerstone OnDemand, Inc.","1601 Cloverfield Boulevard Suite 620 South","Santa Monica","CA",90404
"Cornerstone Therapeutics Inc.","1255 Crescent Green Drive Suite 250","Cary","NC",27518
"CorVel Corp.","2010 Main Street Suite 600","Irvine","CA",92614
"Cosi, Inc.","1751 Lake Cook Road","Deerfield","IL",60015
"Cost Plus, Inc.","200 4th Street","Oakland","CA",94607
"CoStar Group, Inc.","1331 L Street NW","Washington","MD",20005
"Costco Wholesale Corporation","999 Lake Drive ","Issaquah","WA",98027
"Courier Corporation","15 Wellman Avenue","North Chelmsford","MA",1863
"Covenant Transportation Group, Inc.","400 Birmingham Highway","Chattanooga","TN",37419
"Cowen Group, Inc.","599 Lexington Avenue","New York","NY",10022
"CRA International,Inc.","200 Clarendon Street T-33 John Hancock Tower","Boston","MA","02116-5092"
"Cracker Barrel Old Country Store, Inc.","305 Hartmann Drive","Lebanon","TN",37087
"Craft Brewers Alliance, Inc","929 North Russell Street","Portland","OR",97227
"Cray Inc","901 Fifth Avenue Suite 1000","Suite 1000","WA",98164
"Credit Acceptance Corporation","25505 West Twelve Mile Road Suite 3000","Southfield","ML","48034-8339"
"Credo Petroleum Corporation","1801 Broadway Suite 900","Denver","CO","80202-3837"
"Cree, Inc.","4600 Silicon Drive","Durham","NC",27703
"Crescent Financial Bancshares, Inc.","1005 High House Road","Cary","NC",27513
"Cresud S.A.C.I.F. y A.","Edificio Intercontinental Plaza Moreno 877","Buenos Aires","C","1091AAQ"
"Crimson Exploration Inc.","717 Texas Avenue Suite 2900","Houston","TX",77002
"Crocs, Inc.","6328 Monarch Park Place","Niwot","CO",80503
"Cross (A.T.) Company","One Albion Road","Lincoln","RI",2865
"Cross Country Healthcare, Inc.","6551 Park Of Commerce Boulevard NW","Boca Raton","FL","33487-8247"
"Crossroads Systems, Inc.","11000 North Mo-Pac Expressway","Austin","TX",78759
"Crosstex Energy, Inc.","2501 Cedar Springs Suite 100","Dallas","TX",75201
"Crosstex Energy, L.P.","2501 Cedar Springs Suite 100","Dallas","TX",75201
"Crown Crafts, Inc.","916 South Burnside Avenue","Gonzales","LA",70737
"Crown Media Holdings, Inc.","12700 Ventura Boulevard Suite 200","Studio City","CA",91604
"Crumbs Bake Shop, Inc.","110 West 40th Street Suite 2100","New York","NY",10018
"CryptoLogic Limited","Marine House 3rd Floor","Dublin",,2
"CSG Systems International, Inc.","9555 Maroon Circle","Englewood","CO",80112
"CSP Inc.","43 Manning Road","Billerica","MA","01821-3901"
"CSR plc","Churchill House Cambridge Business Park Cowley Road","Cambridge","CB","4 0WZ"
"CTC Media, Inc.","Mon&#1072;r&#1089;h Business Center 31A Leningradsky Prospekt Building 1","Moscow",,125284
"CTI Industries Corporation","22160 North Pepper Road","Lake Barrington","IL",60010
"Ctrip.com International, Ltd.","99 Fu Quan Road","Shanghai",,200335
"Cubist Pharmaceuticals, Inc.","65 Hayden Avenue","Lexington","MA",2421
"Cumberland Pharmaceuticals Inc.","2525 West End Avenue Suite 950","Nashville","TN",37203
"Cumulus Media Inc.","3280 Peachtree Road NW Suite 2300","Atlanta","GA",30305
"Curis, Inc.","4 Maguire Road","Lexington","MA",2421
"Cutera, Inc.","3240 Bayshore Boulevard","Brisbane","CA",94005
"CVB Financial Corporation","701 North Haven Avenue Suite 350","Ontario","CA",91764
"CVD Equipment Corporation","1860 Smithtown Avenue","Ronkonkoma","NY",11779
"Cyanotech Corporation","73-4460 Queen Kaahumanu Highway Suite 102","Kailua-Kona","HL",96740
"CyberDefender Corporation","617 West 7th Street Suite 1000","Los Angeles","CA",90017
"Cyberonics, Inc.","Cyberonics Building 100 Cyberonics Boulevard","Houston","TX","Houston"
"CyberOptics Corporation","5900 Golden Hills Drive","Minneapolis","MN",55416
"Cybex International, Inc.","10 Trotter Drive","Medway","MA",2053
"Cyclacel Pharmaceuticals, Inc.","200 Connell Drive Suite 1500"," Berkeley Heights","NJ",7922
"Cyclacel Pharmaceuticals, Inc.","200 Connell Drive Suite 1500"," Berkeley Heights","NJ",7922
"Cymer, Inc.","17075 Thornmint Court","San Diego","CA",92127
"Cynosure, Inc.","5 Carlisle Road","Westford","MA",1886
"Cypress Semiconductor Corporation","198 Champion Court","San Jose","CA",95134
"Cytokinetics, Incorporated","280 East Grand Avenue ","South San Francisco","CA",94080
"Cytori Therapeutics Inc","3020 Callan Road","San Diego","CA",92121
"CytRx Corporation","11726 San Vicente Boulevard Suite 650","Los Angeles","CA",90049
"D. Medical Industries Ltd.","3 HaSadna St.","Tirat Carmel",,39032
"Daegis Inc","1420 Rocky Ridge Drive Suite 380","Roseville","CA",95661
"Daily Journal Corp. (S.C.)","915 East First Street","Los Angeles","CA",90012
"Daktronics, Inc.","201 Daktronics Drive PO Box 5128","Brookings","SD","57006-5128"
"DARA Biosciences, Inc.","8601 Six Forks Road Suite 160","Raleigh","NC","27615-2695"
"Data I/O Corporation","6464 185th Avenue NE Suite 101 ","Redmond","WA",98052
"Datalink Corporation","8170 Upland Circle","Chanhassen","MN","55317-8589"
"Dataram Corporation","Route 571 PO Box 7258","Princeton","NJ","08543-7528"
"Datawatch Corporation","271 Mill Road Quorum Office Park","Chelmsford","MA",1824
"Dawson Geophysical Company","508 West Wall Suite 800","Midland","TX",79701
"DayStar Technologies, Inc.","1010 South Milpitas Boulevard","Milpitas","CA",95035
"DDi Corp.","1220 North Simon Circle","Anaheim","CA",92806
"DealerTrack Holdings, Inc.","1111 Marcus Avenue Suite M04","Lake Success,","NY",11042
"Deckers Outdoor Corporation","495-A South Fairview Avenue","Goleta","CA",93117
"Deer Consumer Products, Inc.","Area 2 1st Floor Building M-6 Central High-tech Industrial Park Nanshan","Shenzhen",,518057
"Dehaier Medical Systems Limited","15 West 4th Ring North Road East Plaza","Beijing",,1000195
"Delcath Systems, Inc.","810 Seventh Avenue Suite 3505","New York","NY",10019
"dELIA*s Inc.","50 West 23rd Street 10th Floor","New York","NY",10010
"Dell Inc.","One Dell Way","Round Rock","TX",78682
"Delta Natural Gas Company, Inc.","3617 Lexington Road","Winchester","KY",40391
"Delta Petroleum Corporation","370 17th Street Suite 4300","Denver","CO",80202
"Deltek, Inc.","2291 Wood Oak Drive","Herndon","VA",20171
"DemandTec, Inc.","One Franklin Parkway Building 910","San Mateo","CA",94403
"Dendreon Corporation","3005 First Avenue","Seattle","WA",98121
"Denny's Corporation","203 East Main Street","Spartanburg","SC","29319-0001"
"DENTSPLY International Inc.","Susquehanna Commerce Center 221 West Philadelphia Street PO Box 872","York","PA","17405-0872"
"DepoMed, Inc.","1360 O'Brien Drive","Menlo Park","CA",94025
"Derma Sciences, Inc.","214 Carnegie Center Suite 300","Princeton","NJ",8540
"Destination Maternity Corporation","456 North 5th Street","Philadelphia","PA",19123
"Deswell Industries, Inc.","17B Edificio Comercial Rodrigues 599 Avenida Da Praia Grande","Macao",,
"DexCom, Inc.","6340 Sequence Drive","San Diego","CA",92121
"DFC Global Corp","1436 Lancaster Avenue Suite 300","Berwyn","PA",19312
"Dialogic, Inc.","1504 McCarthy Boulevard","Milpitas",,
"Diamond Foods, Inc.","600 Montgomery Street 13th Floor","San Francisco","CA","94111-2702"
"Diamond Hill Financial Trends Fund, Inc.","325 John H McConnell Boulevard Suite 200","Columbus","OH",43215
"Diamond Hill Investment Group, Inc.","325 John H McConnell Boulevard Suite 200","Columbus","OH",43215
"Diana Containerships Inc.","Pendelis 16 Palaio Faliro","Athens",,"175 64"
"Digi International Inc.","11001 Bren Road East","Minnetonka","MN",55343
"Digimarc Corporation","9405 SW Gemini Drive","Beaverton","OR",97008
"Digirad Corporation","13950 Stowe Drive","Poway","CA","92064-8803"
"Digital Ally, Inc.","8000 West 110th Street Suite 200","Overland Park","KS",66210
"Digital Generation, Inc.","750 West John Carpenter Freeway Suite 700","Irving","TX",75039
"Digital River, Inc.","9625 West 76th Street","Eden Prairie","MN",55344
"Dime Community Bancshares, Inc.","209 Havemeyer Street","Brooklyn","NY",11211
"Diodes Incorporated","15660 North Dallas Parkway Suite 850","Dallas","TX",75248
"DIRECTV","2230 East Imperial Highway","El Segundo","CA",90245
"Discovery Communications, Inc","One Discovery Place","Silver Spring","MD",20910
"Discovery Communications, Inc","One Discovery Place","Silver Spring","MD",20910
"Discovery Communications, Inc","One Discovery Place","Silver Spring","MD",20910
"Discovery Laboratories, Inc.","2600 Kelly Road Suite 100","Warrington","PA","18976-3622"
"DISH Network Corporation","9601 South Meridian Boulevard","Englewood","CO",80112
"Ditech Networks, Inc.","825 East Middlefield Road","Mountain View","CA",94043
"Dnb Financial Corp","4 Brandywine Avenue","Downingtown","PA",19335
"Dollar Tree, Inc.","500 Volvo Parkway","Chesapeake","VA",23320
"Donegal Group, Inc.","1195 River Road PO Box 302","Marietta","PA",17547
"Donegal Group, Inc.","1195 River Road PO Box 302","Marietta","PA",17547
"Dorchester Minerals, L.P.","3838 Oak Lawn Avenue Suite 300","Dallas","TX",75219
"Dorman Products, Inc.","3400 East Walnut Street","Colmar","PA",18915
"Dot Hill Systems Corporation","1351 South Sunset Street Suite 100","Longmont","CO","80501-6533"
"Double Eagle Petroleum Company","1675 Broadway Suite 2200","Denver","CO",80202
"Dover Saddlery, Inc.","525 Great Road PO Box 1100","Littleton","MA",1460
"Dragonwave Inc","411 Legget Drive Suite 600","Ottawa","ON","K2K 3C9"
"DRDGOLD Limited","1st Floor Quadrum 1 Quadrum Office Park 50 Constantia Boulevard Constantia Kloof Ext 28","Roodepoort",,2195
"Dreamworks Animation SKG, Inc.","Campanile Building 1000 Flower Street","Glendale","CA",91201
"DRI Corporation","13760 Noel Road Suite 830","Dallas","TX",75240
"DryShips Inc.","80 Kifissias Avenue Marousi","Athens",,"151 25"
"DSP Group, Inc.","2580 North First Street Suite 460","San Jose","CA",95131
"DTS, Inc.","5220 Las Virgenes Road","Calabasas","CA",91302
"Duckwall-Alco Stores, Inc.","401 Cottage Street","Abilene","KS","67410-2832"
"Dunkin' Brands Group, Inc.","130 Royall Street","Canton","MA",2021
"Durect Corporation","2 Results Way","Cupertino","CA",95014
"DUSA Pharmaceuticals, Inc.","25 Upton Drive","Wilmington","MA",1887
"DXP Enterprises, Inc.","7272 Pinemont","Houston","TX",77040
"Dyax Corp.","300 Technology Square","Cambridge","MA",2139
"Dynacq Healthcare, Inc.","4301 Vista Road","Pasadena","TX",77504
"Dynamic Materials Corporation","5405 Spine Road","Boulder","CO",80301
"Dynamics Research Corporation","Two Tech Drive","Andover","MA","01810-2434"
"Dynasil Corporation of America","50 Hunt Street","Watertown","MA",2472
"Dynatronics Corporation","7030 Park Centre Drive","Salt Lake City","UT",84121
"Dynavax Technologies Corporation","2929 Seventh Street Suite 100","Berkeley","CA","94710-2753"
"DynaVox Inc.","2100 Wharton Street Suite 400","Pittsburgh","PA",15203
"E*TRADE Financial Corporation","1271 Avenue of the Americas 14th Floor","New York","NY","10020-1302"
"Eagle Bancorp Montana, Inc.","1400 Prospect Avenue","Helena","MT",59601
"Eagle Bancorp, Inc.","7815 Woodmont Avenue","Bethesda","MD",20814
"Eagle Bulk Shipping Inc.","477 Madison Avenue Suite 1405","New York","NY",10022
"Eagle Rock Energy Partners, L.P.","1415 Louisiana Street Suite 2700","Houston","TX",77002
"EarthLink, Inc.","1375 Peachtree Street","Atlanta","GA",30309
"Earthstone Energy, Inc.","633 Seventeenth Street Suite 1645","Denver","CO","80202-3625"
"East West Bancorp, Inc.","135 North Los Robles Avenue 7th Floor","Pasadena","CA",91101
"Eastern Insurance Holdings, Inc.","25 Race Avenue","Lancaster","PA",17603
"Eastern Virginia Bankshares, Inc.","330 Hospital Road","Tappahannock","VA",22560
"EasyLink Services International Corporation","6025 The Corners Parkway Suite 100","Norcross","GA",30092
"eBay Inc.","2145 Hamilton Avenue","San Jose","CA",95125
"Ebix Inc","5 Concourse Parkway Suite 3200","Atlanta","GA",30328
"ECB Bancorp Inc","35050 US 264 PO Box 337","Engelhard","NC",27824
"Echelon Corporation","550 Meridian Avenue","San Jose","CA",95126
"Echo Global Logistics, Inc.","600 West Chicago Avenue Suite 725","Chicago","IL",60654
"Echo Therapeutics, Inc.","8 Penn Center 1628 JFK Boulevard","Philadelphia","PA",19103
"EchoStar Corporation","100 Inverness Terrace East","Englewood","CO",80112
"Ecology and Environment, Inc.","368 Pleasant View Drive","Lancaster","NY",14086
"Ecotality, Inc.","Four Embarcadero Center Suite 3720","San Francisco","CA",94111
"Edac Technologies Corporation","1806 New Britain Avenue","Farmington","CT",6032
"EDAP TMS S.A.","4/6 Rue Du Dauphine","Vaulx-en-Velin",,69120
"Edelman Financial Group Inc. (The)","5800 JP Morgan Chase Tower 600 Travis","Houston","TX",77002
"EDGAR Online, Inc.","11200 Rockville Pike Suite 310","Rockville","MD",20852
"Edgewater Technology, Inc.","20 Harvard Mill Square","Wakefield","MA",1880
"Education Management Corporation","210 Sixth Avenue 33rd Floor","Pittsburgh","PA",15222
"Educational Development Corporation","10302 East 55th Place","Tulsa","OK","74146-6515"
"eFuture Information Technology Inc.","8th Floor TopNew Tower 2 15 Guanghua Road Chaoyang District","Beijing",,
"eGain Communications Corporation","345 East Middlefield Road","Mountain View","CA",94043
"eHealth, Inc.","440 East Middlefield Road","Mountain View","CA",94043
"Einstein Noah Restaurant Group, Inc.","555 Zang Street Lakewood","Lakewood","CO",80228
"Elbit Imaging Ltd.","Europe Israel Tower 2 Weitzman Street","Tel Aviv",,64239
"Elbit Systems Ltd.","Advanced Technology Center PO Box 539","Haifa",,31053
"Elecsys Corporation","846 North Mart-Way Court","Olathe","KS",66061
"Electro Rent Corporation","6060 Sepulveda Boulevard","Van Nuys","CA","91411-2512"
"Electro Scientific Industries, Inc.","13900 NW Science Park Drive","Portland","OR","97229-5497"
"Electronics for Imaging, Inc.","303 Velocity Way","Foster City","CA",94404
"Electro-Sensors, Inc.","6111 Blue Circle Drive","Minnetonka","MN","55343-9108"
"Elizabeth Arden, Inc.","2400 SW 145th Avenue 2nd Floor","Miramar","FL",33027
"eLong, Inc.","10 Middle Jiuxianqiao Road Block B Xingke Plaza Building","Beijing",,100015
"Eltek Ltd.","Sgoola Industrial Zone PO Box 159","Petach Tikva",,49101
"EMC Insurance Group, Inc.","717 Mulberry Street","Des Moines","IA",50309
"Emclaire Financial Corp","612 Main Street","Emlenton","PA","16373-0046"
"EMCORE Corporation","10420 Research Road SE","Albuquerque","NM",87123
"Emmis Communications Corporation","40 Monument Circle One Emmis Plaza","Indianapolis","IN",46204
"Emmis Communications Corporation","40 Monument Circle One Emmis Plaza","Indianapolis","IN",46204
"Empire Resorts, Inc.","204 Route 17B","Monticello","NY",12701
"Encore Bancshares, Inc.","Nine Greenway Plaza Suite 1000","Houston","TX",77046
"Encore Capital Group Inc","8875 Aero Drive Suite 200","San Diego","CA",92123
"Encore Wire Corporation","1329 Millwood Road","Mckinney","TX",75069
"Endo Pharmaceuticals Holdings Inc.","100 Endo Boulevard","Chadds Ford","PA",19317
"Endocyte, Inc.","3000 Kent Avenue Suite A1-100","West Lafayette","IN",47906
"Endologix  Inc","11 Studebaker","Irvine","CA",92618
"Energy Conversion Devices, Inc.","3800 Lapeer Road","Auburn Hills","MI",48326
"Energy Recovery, Inc.","1717 Doolittle Drive","San Leandro","CA",94577
"Energy XXI (Bermuda) Limited","Canons Court 22 Victoria Street ","Hamilton",,"HM EX"
"EnerNOC, Inc.","101 Federal Street Suite 1100","Boston","MA",2110
"ENGlobal Corporation","654 North Sam Houston Parkway East Suite 400","Houston","TX","77060-5914"
"Enstar Group Limited","Windsor Place, 3rd Floor PO Box HM 2267, 18 Queen Street","Hamilton","HM JX",
"Entegris, Inc.","129 Concord Road","Billerica","MA",1821
"EnteroMedics Inc.","2800 Patton Road","St Paul","MN",55113
"Enterprise Bancorp Inc","222 Merrimack Street","Lowell","MA",1852
"Enterprise Financial Services Corporation","150 North Meramec Avenue Suite 300","St Louis","MO",63105
"EntreMed, Inc.","9640 Medical Center Drive","Rockville","MD",20850
"Entropic Communications, Inc.","6290 Sequence Drive","San Diego","CA",92121
"Envoy Capital Group Inc.","30 St Patrick Street Suite 301","Toronto","ON","M5T 3A3"
"Enzon Pharmaceuticals, Inc.","20 Kingsbridge Road","Piscataway","NJ",8854
"eOn Communications Corporation","1703 Sawyer Road","Corinth","MS",38829
"EPIQ Systems, Inc.","501 Kansas Avenue","Kansas City","KS","66105-1309"
"ePlus Inc.","13595 Dulles Technology Drive","Herndon","VA","20171-3413"
"Epoch Holding Corporation","640 Fifth Avenue 18th floor","New York","NY",10019
"Epocrates, Inc.","1100 Park Place Suite 300","San Mateo","CA",94403
"Equinix, Inc.","One Lagoon Drive 4th Floor","Redwood City","CA",94065
"eResearch Technology Inc.","1818 Market Street Suite 1000","Philadelphia","PA","19103-3638"
"Erie Indemnity Company","100 Erie Insurance Place","Erie","PA","16530-1104"
"ESB Financial Corporation","600 Lawrence Avenue","Ellwood City","PA",16117
"Escalade, Incorporated","817 Maxwell Avenue","Evansville","IN",47711
"Escalon Medical Corp.","435 Devon Park Drive Building 100","Wayne","PA",19087
"ESSA Bancorp, Inc.","200 Palmer Street PO Box L","Stroudsburg","PA","18360-0160"
"Essex Rental Corporation","1110 West Lake Cook Road Suite 220","Buffalo Grove","IL","60089-1974"
"Euro Tech Holdings Company Limited","18th Floor Gee Chang Hong Centre 65 Wong Chuk Hang Road","Hong Kong,",,
"Euronet Worldwide, Inc.","3500 College Boulevard","Leawood","KS",66211
"Euroseas Ltd.","4 Messogiou & Evropis Street","Maroussi",,"151 25"
"EV Energy Partners, L.P.","1001 Fannin Street Suite 800","Houston","TX",77002
"Evolving Systems, Inc.","9777 Mount Pyramid Court Suite 100","Englewood","C O",80112
"EXACT Sciences Corporation","441 Charmany Drive","Madison","WI",53719
"Exactech, Inc.","2320 NW 66th Court","Gainesville","FL",32653
"Exar Corporation","48720 Kato Road","Fremont","CA",94538
"Exceed Company Ltd.","Suite 8 20th Floor One International Finance Centre","Central",,
"Exelixis, Inc.","210 East Grand Avenue"," South San Francisco","CA",94080
"EXFO Inc","400 Godin Avenue","Quebec",,"QC G1M 2K2"
"Exide Technologies","13000 Deerfield Parkway Building 200","Milton","GA",30004
"ExlService Holdings, Inc.","280 Park Avenue 38th Floor","New York","NY",10017
"Expeditors International of Washington, Inc.","1015 Third Avenue 12th Floor","Seattle","WA",98104
"Exponent, Inc.","149 Commonwealth Drive","Menlo Park","CA",94025
"Express Scripts, Inc.","One Express Way","St. Louis","MO",63121
"Exterran Partners, L.P.","16666 Northchase Drive","Houston","TX",77060
"Extreme Networks, Inc.","3585 Monroe Street","Santa Clara","CA",95051
"EZchip Semiconductor Limited","1 Hatamar Street PO Box 527","Yokneam",,20692
"EZCORP, Inc.","1901 Capital Parkway","Austin","TX",78746
"F5 Networks, Inc.","401 Elliott Avenue West","Seattle","WA",98119
"FairPoint Communications, Inc.","521 East Morehead Street Suite 500","Charlotte","NC",28202
"FalconStor Software, Inc.","2 Huntington Quadrangle Suite 2S01","Melville","NY",11747
"Famous Dave's of America, Inc.","12701 Whitewater Drive Suite 200","Minnetonka","MN",55343
"Farmer Brothers Company","20333 South Normandie Avenue","Torrance","CA",90502
"Farmers Capital Bank Corporation","202 West Main Street PO Box 309","Frankfort","KY",40601
"Farmers National Banc Corp.","20 South Broad Street PO Box 555","Canfield","OH","44406-0555"
"FARO Technologies, Inc.","250 Technology Park","Lake Mary","FL",32746
"Fastenal Company","2001 Theurer Blvd","Winona","MN","55987-1500"
"Fauquier Bankshares, Inc.","10 Courthouse Square","Warrenton","VA",20186
"FBR & Co","1001 Nineteenth Street North","Arlington","VA",22209
"Federal-Mogul Corporation","26555 Northwestern Highway","Southfield","MI",48033
"FedFirst Financial Corporation","565 Donner Avenue","Monessen","PA",15062
"FEI Company","5350 NE Dawson Creek Drive","Hillsboro","OR","97124-5793"
"Female Health Company (The)","515 North State Street Suite 2225","Chicago","IL",60654
"FFD Financial Corporation","321 North Wooster Avenue","Dover","OH",44622
"FiberTower Corporation","185 Berry Street Suite 4800","San Francisco","CA",94107
"Fidelity Bancorp, Inc.","1009 Perry Highway","Pittsburgh","PA",15237
"Fidelity Southern Corporation","3490 Piedmont Road Suite 1550","Atlanta","GA",30305
"Fidus Investment Corporation","1603 Orrington Avenue Suite 820","Evanston","IL",60201
"Fifth Third Bancorp","38 Fountain Square Plaza Fifth Third Center","Cincinnati","OH",45263
"Fifth Third Bancorp","38 Fountain Square Plaza Fifth Third Center","Cincinnati","OH",45263
"Financial Engines, Inc.","1804 Embarcadero Road","Palo Alto","CA",94303
"Financial Institutions, Inc.","220 Liberty Street","Warsaw","NY","14569-1465"
"Finisar Corporation","1389 Moffett Park Drive","Sunnyvale","CA",94089
"First Advantage Bancorp","1430 Madison Street","Clarksville","TN",37040
"First Bancorp","341 North Main Street","Troy","NC","27371-0508"
"First Bancorp, Inc (ME)","223 Main Street","Damariscotta","ME",4543
"First Bancshares, Inc.","142 East First Street","Mountain Grove","MO",65711
"First Busey Corporation","100 West University Avenue","Champaign","IL",61820
"First Business Financial Services, Inc.","401 Charmany Drive","Madison","WI",53719
"First California Financial Group, Inc.","3027 Townsgate Road Suite 300","Westlake Village","CA",91361
"First Capital Bancorp, Inc. (VA)","4222 Cox Road Suite 200","Glen Allen","VA",23060
"First Capital, Inc.","220 Federal Drive NW","Corydon","IN",47112
"First Cash Financial Services, Inc.","690 East Lamar Boulevard Suite 400","Arlington","TX",76011
"First Citizens Banc Corp.","100 East Water Street PO Box 5016","Sandusky","OH",44870
"First Citizens BancShares, Inc.","4300 Six Forks Road","Raleigh","NC",27608
"First Clover Leaf Financial Corp.","300 St Louis Street","Edwardsville","IL",62025
"First Community Bancshares, Inc.","One Community Place PO Box 989","Bluefield","VA","24605-0989"
"First Community Corporation","5455 Sunset Boulevard","Lexington","SC",29072
"First Connecticut Bancorp, Inc.","One Farm Glen Boulevard","Farmington","CT",6032
"First Defiance Financial Corp.","601 Clinton Street","Defiance","OH",43512
"First Federal Bancshares of Arkansas, Inc.","1401 Highway 62-65 North","Harrison","AR",72601
"First Federal of Northern Michigan Bancorp, Inc.","100 South Second Avenue","Alpena","MI",49707
"First Financial Bancorp.","4000 Smith Road","Cincinnati","OH",45209
"First Financial Bankshares, Inc.","400 Pine Street PO Box 701","Abilene","TX",79601
"First Financial Corporation Indiana","One First Financial Plaza PO Box 540","Terre Haute,","IN","47808-0540"
"First Financial Holdings, Inc.","2440 Mall Drive","Charleston","SC",29406
"First Financial Northwest, Inc.","201 Wells Avenue South","Renton","WA",98057
"First Financial Service Corporation","2323 Ring Road","Elizabethtown","KY",42701
"First Interstate BancSystem, Inc.","401 North 31st Street","Billings","MT","59116-0918"
"First M & F Corporation","134 West Washington Street","Kosciusko","MS",39090
"First Merchants Corporation","200 East Jackson Street PO Box 792","Muncie","IN","47305-2814"
"First Midwest Bancorp, Inc.","One Pierce Place Suite  1500 PO Box 459","Itasca","IL","60143-9768"
"First Niagara Financial Group Inc.","726 Exchange Street Suite 618","Buffalo","NY",14210
"First PacTrust Bancorp, Inc.","610 Bay Boulevard","Chula Vista","CA",91910
"First Savings Financial Group, Inc.","501 East Lewis & Clark Parkway","Clarksville","IN",47129
"First Security Group, Inc.","531 Broad Street","Chattanooga","TN",37402
"First Solar, Inc.","350 West Washington Street Suite 600","Tempe","AZ",85281
"First South Bancorp Inc","1311 Carolina Avenue","Washington","NC",27889
"First United Corporation","19 South Second Street PO Box 9","Oakland","MD","21550-0009"
"Firstbank Corporation","311 Woodworth Avenue","Alma","MI",48801
"FirstCity Financial Corporation","6400 Imperial Drive","Waco","TX",76712
"FirstMerit Corporation","III Cascade Plaza 7th Floor","Akron","OH","44308-1103"
"FirstService Corporation","1140 Bay Street Suite 4000 First Service Building","Toronto","ON","M5S 2B4"
"Fiserv, Inc.","255 Fiserv Drive","Brookfield","WI","53045-5815"
"Fisher Communications, Inc.","140 4th Avenue North Suite 500","Seattle","WA",98109
"Flamel Technologies S.A.","33 Avenue Du Drgeorges Levy","Venissieux",,69693
"Flexsteel Industries, Inc.","3400 Jackson Street","Dubuque","IA","52004-0877"
"Flextronics International Ltd.","No 2 Changi South Lane","Singapore",,486123
"FLIR Systems, Inc.","27700A SW Parkway Avenue","Wilsonville","OR",97070
"Flow International Corporation","23500-64th Avenue South","Kent","WA",98032
"Fluidigm Corporation","7000 Shoreline Court Suite 100","South San Francisco","CA",94080
"Flushing Financial Corporation","1979 Marcus Avenue Suite E140","Lake Success","NY",11042
"FNB United Corp.","150 South Fayetteville Street PO Box 1328","Asheboro","NC",27203
"Focus Media Holding Limited","Unit No 1 20th Floor The Centrium 60 Wyndham Street","Central",,
"Fonar Corporation","110 Marcus Drive","Melville","NY",11747
"Food Technology Service, Inc.","502 Prairie Mine Road","Mulberry","FL",33860
"Forbes Energy Services Ltd","3000 South Business Highway 281","Alice","TX",78332
"FormFactor, Inc.","7005 SouthFront Road","Livermore","CA",94551
"Formula Systems (1985) Ltd.","5 HaPlada Street","Or Yehuda",,60218
"Forrester Research, Inc.","400 Technology Square ","Cambridge","MA",2139
"Fortinet, Inc.","1090 Kifer Road","Sunnyvale","CA",94086
"Forward Air Corporation","430 Airport Road","Greeneville","TN",37745
"Forward Industries, Inc.","1801 Green Road Suite E","Pompano Beach","FL",33064
"Fossil, Inc.","2280 North Greenville Avenue","Richardson","TX",75082
"Foster Wheeler AG.","80 Rue de Lausanne","Geneva",,1202
"Fox Chase Bancorp, Inc.","4390 Davisville Road","Hatboro","PA",19040
"Francesca's Holdings Corporation","3480 West 12th Street","Houston","TX",77008
"Franklin Electric Co., Inc.","400 East Spring Street","Bluffton","IN",46714
"Franklin Financial Corporation","4501 Cox Road","Glen Allen","VA",23060
"Fred's, Inc.","4300 New Getwell Road","Memphis","TN",38118
"FreeSeas Inc.","89 Akti Miaouli & 4 Mavrokordatou Street","Piraeus",,"185 38"
"FreightCar America, Inc.","Two North Riverside Plaza Suite 1250","Chicago","IL",60606
"Frequency Electronics, Inc.","55 Charles Lindbergh Boulevard","Mitchel Field","NY",11553
"FriendFinder Networks Inc.","6800 Broken Sound Parkway Suite 100","Boca Raton","FL",33487
"Frozen Food Express Industries, Inc.","1145 Empire Central Place","Dallas","TX","75247-4309"
